m/z [M-H]-,RT (min),Composition,Structure,Core,Epitope,HexNAc,Hexose,Fucose,Neu5Ac,Sulfation,Monosaccharides,1A,2A,3A,4A,5A,6A,1B,2B,3B,4B,5B,6B,1C,2C,3C,4C,5C,6C,1D,2D,3D,4D,5D,6D,Mean A,Mean B,Mean C,Mean D,p.AB,q.AB,p.CD,q.CD,p.AC,q.AC,p.BD,q.BD,% ,SEM,N,% ,SEM,N,% ,SEM,N,% ,SEM,N,% ,SEM,N,% ,SEM,N
425.21,12.63,HexNAc2,"GlcNAcβ1,3GalNAcol",3,,2,,,,,2,-0.646,-0.806,-0.747,-0.647,-0.440,-0.789,-0.670,-0.856,-0.892,-0.575,-0.668,-0.451,-0.518,-0.788,-0.735,-0.067,-0.724,-0.832,-0.835,-0.644,-0.519,-0.278,-0.696,-0.441,-0.679,-0.685,-0.611,-0.569,0.946,0.964,0.775,0.956,0.609,0.992,0.297,0.972,0.119,0.031,6,0.119,0.034,6,0.207,0.112,6,0.195,0.056,6,0.163,0.057,12,0.157,0.033,12
513.26,8.01,NeuAc1HexNAc1,"NeuAcα2,6GalNAcol",,sTn,1,,,1,,2,0.081,-0.533,-0.627,0.265,0.776,0.479,0.412,-0.532,-0.414,0.546,0.318,-0.141,-0.302,-0.594,-0.570,0.538,0.527,0.382,0.050,-0.206,-0.038,-0.078,-0.100,-0.211,0.074,0.031,-0.003,-0.097,0.889,0.964,0.686,0.956,0.814,0.992,0.514,0.972,1.993,0.883,6,1.497,0.542,6,1.608,0.630,6,0.717,0.078,6,1.801,0.520,12,1.107,0.286,12
530.47,22.60,Hex1HexNAc1dHex1,"Fucα1,2Galβ1,3GalNAcol",1,H,1,1,1,,,3,0.251,0.908,0.739,0.930,0.484,0.818,-0.408,0.822,0.368,0.527,0.640,0.342,0.312,0.909,0.632,0.438,0.642,0.750,0.922,0.387,0.666,0.407,0.877,0.340,0.688,0.382,0.614,0.600,0.166,0.659,0.921,0.973,0.606,0.992,0.309,0.972,5.482,1.106,6,3.115,0.873,6,4.431,0.883,6,4.515,1.115,6,4.957,0.693,12,3.815,0.707,12
587.25,10.84,Hex1HexNAc2,"Galβ1,3(GlcNAcβ1,6)GalNAcol",2,,2,1,,,,3,0.613,-0.223,0.402,0.152,0.300,0.224,0.641,0.173,0.442,0.207,0.466,0.678,0.436,0.146,0.597,0.630,0.188,0.296,0.263,0.129,0.445,-0.678,0.396,0.692,0.245,0.435,0.382,0.208,0.214,0.659,0.427,0.905,0.354,0.992,0.309,0.972,1.952,0.486,6,2.889,0.556,6,2.545,0.502,6,2.164,0.649,6,2.248,0.345,12,2.526,0.422,12
587.28,12.63,Hex1HexNAc2,"GlcNAcα1,4Galβ1,3GalNAcol",1,αGlcNAc,2,1,,,,3,0.507,0.232,0.276,0.493,0.550,0.166,0.333,0.293,0.054,0.133,0.543,0.368,0.240,0.300,0.311,0.992,0.193,0.190,0.072,0.181,0.248,0.729,0.297,0.468,0.371,0.287,0.371,0.332,0.415,0.842,0.813,0.956,0.999,0.999,0.714,0.972,2.389,0.368,6,1.972,0.342,6,3.017,1.343,6,2.357,0.629,6,2.703,0.670,12,2.165,0.346,12
675.29,9.83,NeuAc1Hex1HexNAc1,"Galβ1,3(NeuAcα2,6)GalNAcol",1,,1,1,,1,,3,0.322,-0.145,0.074,-0.135,0.193,0.322,0.831,-0.029,-0.189,0.495,0.320,0.929,0.301,0.088,0.036,-0.059,0.464,0.191,-0.192,0.900,0.274,-0.538,0.049,0.876,0.105,0.393,0.170,0.228,0.187,0.659,0.821,0.956,0.586,0.992,0.594,0.972,1.299,0.256,6,3.575,1.319,6,1.509,0.306,6,3.131,1.440,6,1.404,0.193,12,3.353,0.933,12
675.30,12.89,NeuAc1Hex1HexNAc1,"NeuAcαα2,3Galβ1,3GalNAcol",1,,1,1,,1,,3,0.495,-0.072,0.107,0.299,0.585,0.578,0.463,0.310,0.130,1.146,0.469,1.098,0.633,0.127,0.440,0.305,0.760,0.495,-0.129,1.288,0.903,0.552,-0.281,1.079,0.332,0.602,0.460,0.569,0.215,0.659,0.706,0.956,0.394,0.992,0.917,0.972,2.379,0.527,6,5.856,2.327,6,3.115,0.653,6,7.276,3.014,6,2.747,0.415,12,6.566,1.828,12
716.32,10.80,NeuAc1HexNAc2,"GlcNAcβ1,3(NeuAcα2,6)GalNAcol",3,,2,,,1,,3,-0.329,-0.671,-0.776,-0.685,-0.176,-0.753,-0.112,-0.835,-0.726,-0.841,-0.602,-0.536,-0.280,-0.783,-0.839,-0.673,0.199,-0.250,-0.848,-0.883,-0.521,-0.634,-0.577,-0.483,-0.565,-0.609,-0.438,-0.658,0.777,0.943,0.243,0.887,0.524,0.992,0.715,0.972,0.217,0.084,6,0.199,0.098,6,0.432,0.223,6,0.133,0.033,6,0.324,0.118,12,0.166,0.050,12
716.38,13.86,NeuAc1HexNAc2,"GalNAcα1,3(NeuAcα2,6)GalNAcol",5,,2,,,1,,3,-0.543,-0.802,-0.833,-0.752,0.278,-0.628,0.526,-0.873,-0.611,-0.474,-0.520,-0.039,-0.225,-0.690,-0.830,-0.538,0.415,-0.047,-0.775,-0.481,-0.495,0.007,-0.796,0.083,-0.546,-0.332,-0.319,-0.409,0.439,0.842,0.719,0.956,0.393,0.992,0.768,0.972,0.383,0.283,6,0.782,0.508,6,0.689,0.380,6,0.434,0.187,6,0.536,0.231,12,0.608,0.263,12
733.36,15.86,Hex1HexNAc2dHex1,"Fucα1,2Galβ1,3GlcNAcβ1,3GalNAcol",3,H,2,1,1,,,4,0.296,-0.257,0.217,0.276,0.212,0.155,-0.042,0.220,-0.081,-0.012,0.181,0.274,0.556,-0.316,0.232,0.121,0.278,0.325,0.726,-0.058,0.416,0.411,0.454,0.156,0.150,0.090,0.200,0.351,0.579,0.926,0.372,0.905,0.740,0.992,0.066,0.972,1.421,0.209,6,1.194,0.182,6,1.754,0.420,6,2.510,0.628,6,1.587,0.229,12,1.852,0.369,12
733.44,19.46,Hex1HexNAc2dHex1,"Fucα1,2Galβ1,4GlcNAcβ1,3GalNAcol",3,H,2,1,1,,,4,-0.535,0.567,-0.233,0.585,-0.356,0.014,-0.782,0.218,-0.440,-0.179,-0.247,-0.100,-0.616,0.601,-0.329,0.371,-0.289,-0.037,-0.452,0.030,-0.114,0.156,-0.285,-0.161,0.007,-0.255,-0.050,-0.138,0.297,0.791,0.682,0.956,0.837,0.992,0.489,0.972,1.548,0.679,6,0.601,0.211,6,1.314,0.601,6,0.706,0.160,6,1.431,0.434,12,0.653,0.127,12
733.50,23.10,Hex1HexNAc2dHex1,"Fucα1,2Galβ1,3(GlcNAcβ1,6)GalNAcol",2,H,2,1,1,,,4,0.018,-0.086,0.427,0.114,0.281,-0.087,-0.616,0.141,0.542,0.227,0.127,0.018,0.038,-0.117,0.407,-0.412,0.456,0.108,1.129,0.104,0.636,-0.473,0.296,0.241,0.111,0.073,0.080,0.322,0.833,0.963,0.367,0.905,0.846,0.992,0.376,0.972,1.327,0.299,6,1.429,0.439,6,1.389,0.406,6,3.748,1.994,6,1.358,0.241,12,2.588,1.034,12
749.34,14.86,Hex2HexNAc2,"Galβ1,3(Galβ1,4GlcNAcβ1,6)GalNAcol",2,,2,2,,,,4,0.540,0.161,0.313,0.585,0.740,0.429,0.964,0.550,0.481,0.277,0.853,0.700,0.370,0.305,0.611,0.931,0.424,0.274,0.236,0.591,0.538,0.817,0.469,0.713,0.461,0.638,0.486,0.561,0.215,0.659,0.579,0.956,0.857,0.992,0.573,0.972,3.067,0.588,6,4.871,1.124,6,3.484,1.039,6,3.858,0.696,6,3.275,0.573,12,4.364,0.648,12
790.33,14.19,Hex1HexNAc3,"Galβ1,3(GalNAcβ1,4GlcNAcβ1,6)GalNAcol",2,LacdiNAc,3,1,,,,4,0.374,-0.082,-0.130,-0.009,0.259,-0.129,-0.009,0.041,0.045,-0.371,0.177,-0.085,0.444,0.050,0.022,0.509,-0.057,-0.111,0.181,-0.319,-0.118,0.344,0.027,-0.046,0.047,-0.034,0.143,0.011,0.503,0.842,0.382,0.905,0.510,0.992,0.719,0.972,1.146,0.279,6,0.890,0.146,6,1.539,0.438,6,1.055,0.254,6,1.343,0.255,12,0.973,0.142,12
813.34,16.52,Hex1HexNAc2dHex1Sul1,"SGlcNAcβ1,6(Fucα1,2Galβ1,3)GalNAcol",2,H,2,1,1,,1,4,-0.854,-0.797,-0.879,-0.846,-0.930,-0.941,-0.909,-0.935,-0.800,-0.940,-0.899,-0.853,-0.783,-0.845,-0.823,-0.768,-0.922,-0.890,-0.719,-0.862,-0.684,-0.564,-0.972,-0.901,-0.874,-0.889,-0.839,-0.784,0.642,0.926,0.435,0.905,0.304,0.992,0.143,0.972,0.034,0.007,6,0.030,0.007,6,0.046,0.008,6,0.073,0.025,6,0.040,0.005,12,0.052,0.014,12
821.46,23.22,NeuAc1Hex1HexNAc1dHex1,"Fucα1,2Galβ1,3(NeuAcα2,6)GalNAcol",1,H,1,1,1,1,,4,-0.602,-0.689,-0.742,-0.460,-0.002,-0.442,-0.789,-0.701,-0.712,0.020,-0.467,-0.154,-0.708,-0.644,-0.712,-0.313,0.106,-0.225,-0.408,-0.166,-0.605,-0.638,-0.613,-0.110,-0.490,-0.467,-0.416,-0.423,0.901,0.964,0.966,0.992,0.681,0.992,0.796,0.972,0.290,0.125,6,0.341,0.146,6,0.396,0.171,6,0.329,0.099,6,0.343,0.102,12,0.335,0.084,12
829.35,17.25,Hex2HexNAc2Sul1,"Galβ1,3(Galβ1,4(6S)GlcNAcβ1,6)GalNAcol",2,,2,2,,,1,4,-0.033,-0.153,-0.550,-0.065,0.110,-0.267,0.025,-0.248,-0.032,-0.118,-0.107,0.489,-0.140,0.048,-0.170,0.111,-0.255,-0.260,-0.470,0.100,0.318,0.526,-0.743,0.438,-0.160,0.002,-0.111,0.028,0.277,0.758,0.544,0.956,0.676,0.992,0.913,0.972,0.667,0.141,6,1.097,0.383,6,0.719,0.127,6,1.559,0.527,6,0.693,0.091,12,1.328,0.318,12
878.32,16.05,NeuAc1Hex1HexNAc2,"NeuAcα2,3Galβ1,3(GlcNAcβ1,6)GalNAcol",2,,2,1,,1,,4,-0.185,-0.683,-0.709,-0.580,-0.495,-0.572,-0.132,-0.511,-0.567,0.145,-0.449,-0.256,0.014,-0.575,-0.555,-0.693,-0.392,-0.529,-0.190,-0.117,-0.089,-0.120,-0.317,-0.224,-0.537,-0.295,-0.455,-0.176,0.103,0.659,0.027,0.700,0.533,0.992,0.329,0.972,0.218,0.070,6,0.504,0.174,6,0.314,0.127,6,0.577,0.051,6,0.266,0.070,12,0.540,0.087,12
895.32,12.58,Hex2HexNAc2dHex1,"Galβ1,3(Gal(Fuc)GlcNAcβ1,6)GalNAcol",2,Lewis a/x,2,2,1,,,5,0.670,-0.313,0.230,-0.359,-0.110,-0.044,0.219,-0.125,0.171,-0.257,-0.044,0.055,0.678,-0.162,0.332,-0.399,0.156,-0.011,-0.231,-0.260,-0.053,0.378,0.302,-0.024,0.012,0.003,0.099,0.019,0.959,0.964,0.682,0.956,0.703,0.992,0.908,0.972,1.397,0.663,6,0.980,0.174,6,1.634,0.655,6,1.127,0.317,6,1.515,0.446,12,1.054,0.174,12
895.40,17.01,Hex2HexNAc2dHex1,"Gal-(Fuc)GlcNAcβ1,3Galβ1,3GalNAcol",1,Lewis a/x,2,2,1,,,5,-0.142,-0.372,0.045,-0.041,-0.311,0.005,-0.435,0.024,-0.312,-0.470,-0.065,-0.450,0.072,-0.348,-0.044,-0.340,-0.172,-0.031,0.127,-0.531,0.082,-0.017,-0.058,-0.557,-0.136,-0.285,-0.144,-0.159,0.214,0.659,0.917,0.973,0.939,0.992,0.428,0.972,0.677,0.114,6,0.478,0.125,6,0.666,0.119,6,0.726,0.184,6,0.672,0.079,12,0.602,0.112,12
895.45,19.46,Hex2HexNAc2dHex1,"Galβ1,3(Fucα1,2Galβ1,4GlcNAcβ1,6)GalNAcol",2,H,2,2,1,,,5,-0.023,0.574,0.559,0.453,0.116,0.572,-0.592,0.704,0.301,-0.026,0.295,0.414,-0.061,0.659,0.461,0.213,0.298,0.413,-0.082,0.203,0.474,0.524,0.304,0.337,0.375,0.183,0.330,0.293,0.385,0.842,0.787,0.956,0.766,0.992,0.598,0.972,2.599,0.518,6,2.038,0.677,6,2.320,0.517,6,2.055,0.373,6,2.460,0.351,12,2.047,0.369,12
895.52,23.34,Hex2HexNAc2dHex1,"Fucα1,2Galβ1,3(Galβ1,4GlcNAcβ1,6)GalNAcol",2,H,2,2,1,,,5,0.281,0.822,0.731,0.719,0.380,0.890,-0.680,0.868,0.689,0.256,0.644,-0.077,0.265,0.826,0.622,0.427,0.608,0.777,0.731,0.243,0.696,0.353,0.721,-0.004,0.637,0.283,0.587,0.457,0.201,0.659,0.411,0.905,0.716,0.992,0.533,0.972,4.787,0.944,6,3.153,1.129,6,4.139,0.760,6,3.335,0.810,6,4.463,0.586,12,3.244,0.663,12
936.54,16.05,Hex1HexNAc3dHex1,"GalNAcα1,3(Fucα1,2)Galβ1,3(GlcNAcβ1,6)GalNAcol",2,blood A,3,1,1,,,5,0.166,-0.698,-0.405,-0.562,-0.165,-0.555,-0.500,-0.637,-0.361,-0.751,-0.256,-0.171,0.247,-0.727,-0.400,-0.650,-0.031,-0.231,0.747,-0.697,-0.196,-0.100,-0.102,-0.188,-0.370,-0.446,-0.299,-0.089,0.642,0.926,0.411,0.905,0.729,0.992,0.123,0.972,0.449,0.196,6,0.298,0.079,6,0.582,0.243,6,1.344,0.834,6,0.516,0.150,12,0.821,0.429,12
936.53,23.83,Hex1HexNAc3dHex1,"Fucα1,2Galβ1,3(GalNAcβ1,4GlcNAcβ1,6)GalNAcol",2,"LacdiNAc, H",3,1,1,,,5,0.062,0.870,0.301,0.577,-0.045,0.431,-0.630,0.481,-0.067,-0.254,0.053,-0.271,0.108,0.789,0.099,0.273,0.173,0.461,0.191,-0.070,0.048,-0.546,0.306,-0.144,0.366,-0.115,0.317,-0.036,0.041,0.659,0.056,0.723,0.788,0.992,0.694,0.972,2.890,0.982,6,0.957,0.413,6,2.391,0.772,6,0.991,0.253,6,2.640,0.600,12,0.974,0.231,12
952.39,16.05,Hex2HexNAc3,"GlcNAcβ1,3Galβ1,3(Galβ1,4GlcNAcβ1,6)GalNAcol",2,,3,2,,,,5,0.382,-0.346,0.049,-0.346,0.282,-0.040,-0.480,-0.005,0.460,-0.180,0.099,-0.420,0.442,-0.215,0.203,-0.053,0.174,-0.011,0.006,-0.485,-0.205,0.185,-0.082,-0.490,-0.003,-0.087,0.090,-0.179,0.666,0.926,0.094,0.818,0.565,0.992,0.626,0.972,1.110,0.326,6,0.984,0.388,6,1.288,0.316,6,0.674,0.188,6,1.199,0.218,12,0.829,0.211,12
952.44,18.22,Hex2HexNAc3,"Galβ1,3(GlcNAcα1,4Galβ1,4GlcNAcβ1,6)GalNAcol",2,αGlcNAc,3,2,,,,5,0.274,-0.027,-0.042,0.127,0.683,0.086,-0.035,0.061,0.153,-0.150,0.789,0.235,-0.135,0.007,0.282,0.707,0.205,0.116,-0.320,0.074,0.013,0.548,0.295,0.297,0.184,0.176,0.197,0.151,0.964,0.964,0.793,0.956,0.936,0.992,0.896,0.972,1.751,0.610,6,1.912,0.840,6,1.845,0.653,6,1.597,0.436,6,1.798,0.426,12,1.754,0.454,12
966.29,13.49,NeuAc2Hex1HexNAc1,"NeuAcα2,3Galβ1,3(NeuAcα2,6)GalNAcol",1,,1,1,,2,,4,0.143,-0.079,0.097,0.250,0.437,0.372,0.528,0.330,-0.109,1.132,-0.060,0.965,0.359,0.076,0.340,-0.013,0.477,0.210,0.027,1.337,0.604,0.366,-0.710,1.008,0.203,0.464,0.242,0.439,0.270,0.758,0.536,0.956,0.731,0.992,0.945,0.972,1.624,0.292,6,4.888,2.133,6,1.777,0.310,6,6.483,3.358,6,1.700,0.204,12,5.686,1.912,12
975.37,17.37,Hex2HexNAc2dHex1Sul1,"(S)Galβ1,3(Gal-(Fuc)GlcNAcβ1,6)GalNAcol",2,Lewisa/x,2,2,1,,1,5,-0.517,-0.520,-0.515,-0.628,-0.589,-0.692,-0.668,-0.623,-0.358,-0.766,-0.455,-0.752,-0.561,-0.495,-0.508,-0.649,-0.705,-0.711,-0.813,-0.691,-0.242,-0.199,-0.789,-0.695,-0.577,-0.604,-0.605,-0.571,0.723,0.943,0.786,0.956,0.583,0.992,0.812,0.972,0.168,0.018,6,0.165,0.044,6,0.154,0.023,6,0.221,0.090,6,0.161,0.014,12,0.193,0.048,12
1024.36,11.51,NeuAc1Hex1HexNAc2dHex1,"GalNAcα1,3(Fucα1,2)Galβ1,3(NeuAcα2,6)GalNAcol",1,blood A,2,1,1,1,,5,-0.436,-0.923,-0.836,-0.981,-0.945,-0.912,-0.217,-0.954,-0.769,-0.868,-0.947,-0.687,-0.502,-0.927,-0.912,-0.799,-0.426,-0.590,-0.955,-0.953,-0.647,-0.725,-0.779,-0.704,-0.839,-0.740,-0.693,-0.794,0.498,0.842,0.348,0.905,0.254,0.992,0.678,0.972,0.062,0.041,6,0.124,0.078,6,0.124,0.044,6,0.067,0.019,6,0.093,0.030,12,0.095,0.039,12
1024.40,13.99,NeuAc1Hex1HexNAc2dHex1,"NeuAca2,3(Fucα1,2)Galβ1,3(GlcNAcβ1,6)GalNAcol",2,H,2,1,1,1,,5,-0.599,-0.963,-0.964,-0.979,-0.951,-0.937,0.173,-0.960,-0.941,-0.879,-0.877,-0.729,-0.333,-0.956,-0.916,-0.931,-0.902,-0.937,-0.890,-0.869,-0.851,0.014,-0.862,-0.621,-0.899,-0.702,-0.829,-0.680,0.320,0.804,0.415,0.905,0.562,0.992,0.925,0.972,0.034,0.024,6,0.261,0.226,6,0.076,0.058,6,0.202,0.147,6,0.055,0.030,12,0.232,0.129,12
1041.55,25.13,Hex2HexNAc2dHex2,"Fucα1,2Galβ1,3(Fucα1,2Galβ1,4GlcNAcβ1,6)GalNAcol",2,H,2,2,2,,,6,0.773,1.555,1.361,1.521,0.912,1.283,-0.095,1.379,1.057,0.419,0.917,-0.066,0.753,1.468,1.240,1.120,1.100,1.271,0.771,0.560,1.090,0.647,1.359,0.150,1.234,0.602,1.159,0.763,0.049,0.659,0.074,0.723,0.655,0.992,0.608,0.972,20.777,5.057,6,7.880,3.639,6,16.046,3.241,6,8.319,3.250,6,18.412,2.951,12,8.099,2.327,12
1057.44,14.25,Hex3HexNAc2dHex1,"Galβ1,3(Galα1,3(Fucα1,2)Galβ1,3GlcNAcβ1,6)GalNAcol",2,blood B,2,3,1,,,6,0.202,-1.000,-1.000,-1.000,-1.000,-1.000,-0.639,-1.000,-1.000,-1.000,-1.000,-1.000,0.350,-1.000,-1.000,-1.000,-1.000,-1.000,-0.017,-1.000,-1.000,-1.000,-1.000,-1.000,-0.800,-0.940,-0.775,-0.836,0.518,0.842,0.830,0.956,0.936,0.992,0.566,0.972,0.249,0.249,6,0.022,0.022,6,0.356,0.356,6,0.143,0.143,6,0.303,0.208,12,0.083,0.072,12
1098.38,14.79,Hex2HexNAc3dHex1,"GlcNAcα1,4Galβ1,3(Fucα1,2Galβ1,4GlcNAcβ1,6)GalNAcol",2,"H, αGlcNAc",3,2,1,,,6,0.385,-0.554,0.052,-0.689,-0.198,0.013,-0.328,-0.478,0.002,-0.355,0.230,0.145,0.563,-0.558,-0.018,-0.798,0.077,0.199,0.142,-0.704,-0.157,0.353,0.259,0.097,-0.165,-0.131,-0.089,-0.002,0.869,0.964,0.743,0.956,0.778,0.992,0.529,0.972,0.851,0.333,6,0.790,0.231,6,1.205,0.520,6,1.167,0.303,6,1.028,0.299,12,0.979,0.191,12
1098.49,20.82,Hex2HexNAc3dHex1,"GalNAcα1,3(Fucα1,2)Galβ1,3(Galβ1,4GlcNAcβ1,6)GalNAcol",2,blood A,3,2,1,,,6,-0.075,-1.000,-0.093,-1.000,-0.260,-0.146,-0.362,-1.000,0.133,-1.000,-0.036,-0.198,-0.142,-1.000,-0.027,-1.000,-0.161,-0.134,-0.105,-1.000,-0.316,-1.000,-0.198,-0.205,-0.429,-0.410,-0.411,-0.471,0.947,0.964,0.818,0.956,0.946,0.992,0.823,0.972,0.419,0.139,6,0.491,0.201,6,0.447,0.146,6,0.355,0.119,6,0.433,0.096,12,0.423,0.113,12
1098.52,23.59,Hex2HexNAc3dHex1,"Fucα1,2Galβ1,3(HexNAc-Galβ1,4GlcNAcβ1,6)GalNAcol",2,H,3,2,1,,,6,0.213,-0.091,0.518,-0.253,0.212,0.119,-0.973,0.366,0.867,-0.245,0.393,-0.388,0.040,-0.004,0.496,-0.483,0.285,0.212,-0.276,-0.270,-0.116,-0.355,0.298,-0.360,0.120,0.003,0.091,-0.180,0.698,0.943,0.143,0.887,0.871,0.992,0.541,0.972,1.441,0.394,6,2.106,1.110,6,1.417,0.394,6,0.683,0.246,6,1.429,0.266,12,1.394,0.583,12
1114.44,19.58,Hex3HexNAc3,"Gal-GlcNAcβ1,3Galβ1,3(Galβ1,4GlcNAcβ1,6)GalNAcol",2,,3,3,,,,6,0.088,-0.324,-0.370,-0.147,0.249,-0.140,-0.251,-0.043,-0.078,-0.350,0.460,0.254,-0.349,-0.141,-0.053,0.464,-0.105,-0.231,-0.499,-0.084,-0.215,0.449,-0.250,0.200,-0.107,-0.001,-0.069,-0.067,0.518,0.842,0.989,0.992,0.804,0.992,0.734,0.972,0.789,0.211,6,1.139,0.382,6,0.957,0.376,6,1.018,0.382,6,0.873,0.207,12,1.078,0.258,12
1114.47,21.08,Hex3HexNAc3,"Galβ1,3(Galβ1,4GlcNAcβ1,3Galβ1,4GlcNAcβ1,6)GalNAcol",2,,3,3,,,,6,-0.458,-0.740,-0.848,-0.156,-0.210,-0.475,-0.729,-0.692,-0.795,-0.936,-0.132,-0.354,-0.732,-0.673,-0.214,0.254,-0.681,-0.801,-0.886,-0.387,-0.713,-0.318,-0.515,-0.239,-0.481,-0.606,-0.474,-0.510,0.471,0.842,0.861,0.963,0.974,0.992,0.558,0.972,0.287,0.092,6,0.208,0.098,6,0.429,0.263,6,0.250,0.070,6,0.358,0.134,12,0.229,0.058,12
1121.47,22.85,Hex2HexNAc2dHex2Sul1,"Fucα1,2Galβ1,3(Fucα1,2Galβ1,4(S)GlcNAcβ1,6)GalNAcol",2,H,2,2,2,,1,6,-0.255,0.230,-0.039,-0.511,-0.568,-0.658,-0.906,-0.275,-0.001,-0.776,-0.109,-0.634,-0.348,0.110,-0.162,-0.248,-0.522,-0.563,-0.401,-0.504,-0.073,-0.254,-0.605,-0.581,-0.300,-0.450,-0.289,-0.403,0.487,0.842,0.408,0.905,0.949,0.992,0.792,0.972,0.561,0.233,6,0.372,0.147,6,0.494,0.153,6,0.337,0.094,6,0.528,0.133,12,0.354,0.083,12
1121.47,25.80,Hex2HexNAc2dHex2Sul1,"Fucα1,2Galβ1,4GlcNAcβ1,6(Fucα1,2)(S)Galβ1,3GalNAcol",1,H,2,2,2,,1,6,0.001,0.130,-0.147,-0.907,-0.900,-0.786,-0.958,-0.558,-0.176,-0.816,-0.554,-0.693,-0.153,0.010,-0.301,-0.174,-0.669,-0.834,-0.800,-0.809,-0.203,-0.500,-0.573,-0.534,-0.435,-0.626,-0.353,-0.570,0.416,0.842,0.212,0.887,0.738,0.992,0.703,0.972,0.479,0.214,6,0.182,0.082,6,0.443,0.134,6,0.203,0.070,6,0.461,0.121,12,0.192,0.052,12
1139.49,22.69,Hex1HexNAc4dHex1,"GalNAcα1,3(Fucα1,2)Galβ1,3(GalNAcβ1,4GlcNAcβ1,6)GalNAcol",2,"LacdiNAc, A",4,1,1,,,6,0.211,-1.000,-0.111,-1.000,0.187,-0.017,-0.007,-1.000,-0.173,-1.000,-0.372,0.170,0.225,-1.000,-0.075,-1.000,0.131,0.043,0.046,-1.000,-0.186,-1.000,-0.632,0.149,-0.288,-0.397,-0.279,-0.437,0.732,0.943,0.624,0.956,0.979,0.992,0.893,0.972,0.750,0.272,6,0.527,0.220,6,0.763,0.266,6,0.501,0.228,6,0.756,0.181,12,0.514,0.151,12
1155.45,17.13,Hex2HexNAc4,"GlcNAcα1,4Galβ1,3(GlcNAcα1,4Galβ1,4GlcNAcβ1,6)GalNAcol",2,,4,2,,,,6,0.264,-0.239,0.078,-0.188,0.432,-0.016,0.044,0.012,0.463,-0.271,0.425,0.149,-0.029,-0.119,0.221,0.291,0.035,0.014,-0.222,-0.162,-0.086,0.365,-0.064,0.153,0.055,0.137,0.069,-0.002,0.607,0.926,0.532,0.956,0.914,0.992,0.355,0.972,1.221,0.333,6,1.508,0.390,6,1.139,0.190,6,1.019,0.267,6,1.180,0.183,12,1.264,0.237,12
1186.44,21.34,NeuAc1Hex2HexNAc2dHex1,"NeuAcα2,3Galβ1,3(Fucα1,2Galβ1,4GlcNAcβ1,6)GalNAcol",2,H,2,2,1,1,,6,-0.732,-0.386,-0.749,-0.376,-0.625,-0.364,1.343,-0.717,-0.607,0.236,-0.784,-0.596,-0.620,-0.259,-0.726,-0.700,-0.554,-0.515,-0.327,0.164,-0.200,-0.132,-0.888,-0.475,-0.539,-0.188,-0.562,-0.310,0.339,0.820,0.146,0.887,0.820,0.992,0.749,0.972,0.211,0.050,6,3.998,3.590,6,0.194,0.055,6,0.527,0.188,6,0.202,0.035,12,2.262,1.792,12
1186.61,16.89,NeuAc1Hex2HexNAc2dHex1,"Galβ1,3(NeuAcα2-?Galβ1,4(Fuc)GlcNAcβ1,6)GalNAcol",2,sLea/x,2,2,1,1,,6,-0.534,-0.203,-0.584,-0.494,-0.907,-0.198,-0.234,-0.483,-0.600,0.160,-0.730,-0.356,-0.541,-0.120,-0.217,-0.616,-0.611,-0.542,-0.540,-0.311,-0.233,-0.120,-0.772,-0.339,-0.487,-0.374,-0.441,-0.386,0.517,0.842,0.679,0.956,0.751,0.992,0.943,0.972,0.276,0.085,6,0.439,0.190,6,0.304,0.090,6,0.358,0.086,6,0.290,0.059,12,0.399,0.100,12
1187.43,25.60,Hex2HexNAc2dHex3,"Fucα1,2Galβ1,3(Fucα1,2Galβ1,3(Fucα1,4)GlcNAcβ1,6)GalNAcol",2,"H, Lewis b/y",2,2,3,,,7,-0.143,-0.368,0.389,-0.792,-0.815,-0.332,-0.805,0.648,1.046,0.402,-0.771,-0.309,-0.157,-0.411,0.365,-0.494,-0.008,-0.296,-0.548,-0.170,0.846,0.294,0.501,-0.126,-0.343,0.035,-0.167,0.133,0.325,0.804,0.247,0.887,0.447,0.992,0.801,0.972,0.630,0.355,6,3.050,1.735,6,0.769,0.306,6,2.210,1.035,6,0.699,0.224,12,2.630,0.971,12
1203.53,23.34,Hex3HexNAc2dHex2,"Fucα1,2Galβ1,3(Galα1,3(Fucα1,2)Galβ1,4GlcNAcβ1,6)GalNAcol",2,"H, blood B",2,3,2,,,7,0.600,-1.000,-1.000,-1.000,-1.000,-1.000,-0.233,-1.000,-1.000,-1.000,-1.000,-1.000,0.653,-1.000,-1.000,-1.000,-1.000,-1.000,0.894,-1.000,-1.000,-1.000,-1.000,-1.000,-0.733,-0.872,-0.725,-0.684,0.649,0.926,0.925,0.973,0.982,0.992,0.593,0.972,0.647,0.647,6,0.081,0.081,6,0.732,0.732,6,1.289,1.289,6,0.690,0.466,12,0.685,0.642,12
1244.52,23.47,Hex2HexNAc3dHex2,"Fucα1,2Galβ1,3(GalNAcα1,3(Fucα1,2)Galβ1,4GlcNAcβ1,6)GalNAcol",2,"H, blood A",3,2,2,,,7,0.682,-1.000,0.725,-1.000,0.719,0.693,0.149,-1.000,0.556,-1.000,0.863,0.412,0.688,-1.000,0.676,-1.000,0.806,0.918,0.814,-1.000,0.473,-1.000,1.146,0.401,0.136,-0.004,0.181,0.139,0.780,0.943,0.938,0.976,0.933,0.992,0.781,0.972,3.313,1.050,6,2.413,1.109,6,3.982,1.363,6,4.267,2.154,6,3.648,0.827,12,3.340,1.188,12
1260.47,17.13,Hex3HexNAc3dHex1,"Galβ1,3(Galβ-GlcNAc-(Fuc-)Gal-GlcNAcβ1,6)GalNAcol",2,Lewisa/x,3,3,1,,,7,0.223,-0.207,0.021,-0.391,-0.143,-0.037,-0.102,-0.024,0.091,-0.571,-0.093,-0.156,0.369,-0.076,-0.042,-0.402,-0.003,-0.091,-0.012,-0.534,-0.224,0.285,-0.263,-0.138,-0.089,-0.143,-0.041,-0.148,0.679,0.930,0.493,0.956,0.724,0.992,0.972,0.972,0.798,0.180,6,0.691,0.129,6,0.948,0.272,6,0.744,0.235,6,0.873,0.157,12,0.717,0.128,12
1260.50,21.84,Hex3HexNAc3dHex1,"Gal-GlcNAc-Galβ1,3(Fucα1,2Galβ1,4GlcNAcβ1,6)GalNAcol",2,H,3,3,1,,,7,-0.138,0.168,-0.269,0.140,-0.416,0.175,-0.669,0.091,-0.250,-0.523,0.120,-0.180,-0.184,0.217,-0.140,-0.158,-0.255,0.016,-0.383,-0.357,-0.460,-0.140,-0.191,-0.196,-0.057,-0.235,-0.084,-0.288,0.309,0.803,0.043,0.723,0.833,0.992,0.716,0.972,0.900,0.207,6,0.615,0.190,6,0.786,0.166,6,0.435,0.063,6,0.843,0.128,12,0.525,0.099,12
1260.54,25.19,Hex3HexNAc3dHex1,"Fucα1,2Galβ1,3(Gal-GlcNAc-Galβ1,4GlcNAcβ1,6)GalNAcol",2,H,3,3,1,,,7,-0.236,-0.177,-0.730,-0.796,-0.923,-0.204,-0.834,-0.580,-0.780,-0.936,-0.894,-0.686,-0.365,-0.180,-0.473,-0.507,-0.886,-0.295,-0.963,-0.596,-0.877,-0.593,-0.654,-0.582,-0.511,-0.785,-0.451,-0.711,0.096,0.659,0.057,0.723,0.734,0.992,0.414,0.972,0.290,0.106,6,0.071,0.023,6,0.296,0.074,6,0.106,0.028,6,0.293,0.062,12,0.088,0.018,12
1317.49,18.96,Hex3HexNAc4,"Gal-GlcNAc-Galβ1,3(GlcNAc-Gal-GlcNAcβ1,6)GalNAcol",2,αGlcNAc,4,3,,,,7,0.217,-0.382,0.007,-0.134,0.531,-0.141,-0.119,0.068,0.330,-0.245,0.572,0.251,-0.135,-0.218,0.234,0.663,0.092,-0.141,-0.268,-0.069,-0.251,0.322,-0.097,0.273,0.016,0.143,0.082,-0.015,0.497,0.842,0.581,0.956,0.733,0.992,0.351,0.972,1.222,0.448,6,1.592,0.475,6,1.502,0.624,6,1.021,0.280,6,1.362,0.369,12,1.307,0.276,12
1331.47,21.59,NeuAc2Hex2HexNAc2,"NeuAcα2,3Galβ1,3(NeuAcα2,3Galβ1-4GlcNAcβ1-6)GalNAcol",2,,2,2,,2,,6,-0.269,-0.387,-0.549,-0.207,-0.091,-0.125,0.428,-0.082,-0.372,1.175,-0.257,0.752,-0.262,-0.236,-0.231,-0.112,-0.106,-0.231,-0.490,0.857,0.416,0.192,-0.808,0.648,-0.271,0.274,-0.196,0.136,0.063,0.659,0.246,0.887,0.345,0.992,0.714,0.972,0.469,0.082,6,4.084,2.304,6,0.543,0.043,6,2.612,1.105,6,0.506,0.046,12,3.348,1.239,12
1406.48,15.96,Hex3HexNAc3dHex2,"Gal-(Fuc-)GlcNAcβ1,3Galβ1,3(Gal-(Fuc-)GlcNAcβ1,6)GalNAcol",2,Lewisa/x,3,3,2,,,8,0.310,-0.328,-0.339,-0.452,-0.346,-0.304,-0.394,-0.577,-0.386,-0.840,-0.564,-0.618,0.530,-0.253,-0.309,-0.608,-0.247,-0.388,0.253,-0.761,-0.532,0.186,-0.345,-0.588,-0.243,-0.563,-0.212,-0.298,0.035,0.659,0.723,0.956,0.877,0.992,0.183,0.972,0.612,0.267,6,0.190,0.042,6,0.843,0.491,6,0.650,0.292,6,0.727,0.269,12,0.420,0.157,12
1406.55,18.22,Hex3HexNAc3dHex2,"GalNAcα1,3(Fucα1,2)Galβ1,3(Galα1,3(Fucα1,2)Galβ1,4GlcNAcβ1,6)GalNAcol",2,"blood A, B",3,3,2,,,8,0.146,-1.000,-1.000,-1.000,-1.000,-1.000,-0.741,-1.000,-1.000,-1.000,-1.000,-1.000,0.240,-1.000,-1.000,-1.000,-1.000,-1.000,0.222,-1.000,-1.000,-1.000,-1.000,-1.000,-0.809,-0.957,-0.793,-0.796,0.468,0.842,0.992,0.992,0.957,0.992,0.459,0.972,0.216,0.216,6,0.014,0.014,6,0.273,0.273,6,0.261,0.261,6,0.245,0.166,12,0.138,0.130,12
1406.55,24.58,Hex3HexNAc3dHex2,"Fucα1,2Gal-GlcNAc-Galβ1,3(Fucα1,2Gal-GlcNAcβ1,6)GalNAcol",2,H,3,3,2,,,8,-0.012,0.488,0.053,0.347,-0.466,0.464,-0.331,0.190,-0.306,-0.329,-0.224,-0.627,-0.058,0.458,0.110,0.081,-0.306,0.346,-0.408,-0.174,-0.271,-0.130,-0.071,-0.503,0.146,-0.271,0.105,-0.260,0.047,0.659,0.020,0.684,0.832,0.992,0.930,0.972,1.677,0.459,6,0.535,0.189,6,1.392,0.362,6,0.483,0.085,6,1.534,0.282,12,0.509,0.099,12
1447.55,18.10,Hex2HexNAc4dHex2,"GalNAcα1,3(Fucα1,2)Galβ1,3(GalNAcα1,3(Fucα1,2)Galβ1,4GlcNAcβ1,6)GalNAcol",2,blood A,4,2,2,,,8,0.178,-1.000,0.022,-1.000,0.140,-0.074,-0.103,-1.000,0.139,-1.000,0.190,0.153,0.286,-1.000,-0.010,-1.000,0.202,0.304,0.333,-1.000,0.215,-1.000,0.364,0.132,-0.289,-0.270,-0.203,-0.159,0.955,0.964,0.908,0.973,0.807,0.992,0.762,0.972,0.730,0.250,6,0.790,0.272,6,1.019,0.355,6,1.177,0.398,6,0.875,0.212,12,0.983,0.237,12
1463.52,18.34,Hex3HexNAc4dHex1,"Gal-(Fuc-)GlcNAcβ1,3Galβ1,3(GlcNAcα1-4Galβ1,4GlcNAcβ1,6)GalNAcol",2,"Lewisa/x, αGlcNAc",4,3,1,,,8,0.304,-0.044,0.236,-0.170,0.149,0.161,0.006,0.007,0.342,-0.181,0.178,0.090,0.255,0.067,0.222,-0.268,0.211,0.193,-0.110,-0.266,-0.001,0.280,-0.008,0.098,0.106,0.074,0.113,-0.001,0.761,0.943,0.324,0.905,0.947,0.992,0.489,0.972,1.262,0.204,6,1.171,0.218,6,1.293,0.192,6,0.976,0.192,6,1.277,0.133,12,1.073,0.141,12
1477.47,18.96,NeuAc2Hex2HexNAc2dHex1,"NeuAcα2,3Galβ1,3(NeuAcα2,3Galβ1,3(Fucα1,4)GlcNAcβ1,6)GalNAcol",2,sLea/x,2,2,1,1,,6,0.046,-0.423,-0.679,-0.470,0.315,-0.379,0.648,-0.379,-0.121,0.915,0.213,0.261,-0.145,-0.333,-0.411,0.554,-0.198,-0.355,-0.468,0.156,0.044,0.236,-0.713,0.203,-0.265,0.256,-0.148,-0.090,0.061,0.659,0.798,0.956,0.591,0.992,0.203,0.972,0.654,0.293,6,2.783,1.214,6,0.937,0.511,6,0.965,0.267,6,0.795,0.284,12,1.874,0.653,12
1479.50,20.82,Hex4HexNAc4,"Galβ-GlcNAcβ1,3(Gal-GlcNAcβ1,6)Galβ1,3(Galβ1,4GlcNAcβ1,6)GalNAcol",2,I,4,4,,,,8,-0.603,-0.704,-0.797,-0.760,-0.513,-0.643,-0.931,-0.501,-0.655,-0.550,-0.818,0.082,-0.794,-0.578,-0.540,-0.135,-0.674,-0.790,-0.746,-0.225,-0.627,-0.227,-0.889,0.178,-0.670,-0.562,-0.585,-0.423,0.491,0.842,0.415,0.905,0.453,0.992,0.538,0.972,0.119,0.022,6,0.283,0.168,6,0.203,0.088,6,0.440,0.211,6,0.161,0.045,12,0.362,0.131,12
1520.54,19.47,Hex3HexNAc5,"GlcNAcα1,4Galβ1,3(GlcNAcα1,4Gal-GlcNAcβ1,3Galβ1,4GlcNAcβ1,6)GalNAcol",2,αGlcNAc,5,3,,,,8,0.013,-0.448,-0.139,-0.600,0.097,-0.147,-0.634,-0.147,0.141,-0.628,0.034,-0.458,-0.289,-0.314,-0.119,-0.132,-0.091,-0.148,-0.459,-0.421,-0.369,0.008,-0.438,-0.428,-0.204,-0.282,-0.182,-0.351,0.668,0.926,0.068,0.723,0.855,0.992,0.667,0.972,0.621,0.156,6,0.566,0.197,6,0.570,0.056,6,0.385,0.107,6,0.596,0.079,12,0.475,0.110,12
1552.58,16.38,Hex3HexNAc3dHex3,"Fucα1,2Galβ1,3[Gal-(Fuc-)GlcNAc-Gal-(Fuc-)GlcNAcβ1,6]GalNAcol",2,"H, Lewisa/x",3,3,3,,,9,-0.172,-0.895,-0.645,-0.920,-0.657,-0.828,-0.709,-0.760,-0.462,-0.825,-0.772,-0.794,-0.143,-0.874,-0.579,-0.876,-0.721,-0.792,0.300,-0.822,-0.521,-0.058,-0.534,-0.770,-0.686,-0.720,-0.664,-0.401,0.791,0.945,0.242,0.887,0.893,0.992,0.117,0.972,0.153,0.086,6,0.099,0.030,6,0.167,0.093,6,0.531,0.294,6,0.160,0.060,12,0.315,0.155,12
1552.58,18.23,Hex3HexNAc3dHex3,"GalNAcα1,3(Fucα1,2)Galβ1,3[Galα1,3(Fucα1,2)Gal-(Fuc-)GlcNAcβ1,6]GalNAcol",2,"blood A, B",3,3,3,,,9,-0.227,-1.000,-1.000,-1.000,-1.000,-1.000,0.119,-1.000,-1.000,-1.000,-1.000,-1.000,-0.344,-1.000,-1.000,-1.000,-1.000,-1.000,-0.125,-1.000,-1.000,-1.000,-1.000,-1.000,-0.871,-0.814,-0.891,-0.854,0.804,0.950,0.846,0.956,0.911,0.992,0.867,0.972,0.082,0.082,6,0.202,0.202,6,0.059,0.059,6,0.108,0.108,6,0.071,0.048,12,0.155,0.110,12
1552.58,22.46,Hex3HexNAc3dHex3,"Fuc-Galβ1,3[Gal-GlcNAc-(Fuc-)Gal-(Fuc-)GlcNAcβ1,6]GalNAcol",2,,3,3,3,,,9,-0.134,0.043,0.281,0.271,-0.123,-0.454,-0.718,0.315,-0.044,-0.450,-0.163,-0.874,-0.158,-0.068,0.235,-0.038,-0.004,-0.429,-0.164,-0.489,0.137,-0.163,0.102,-0.810,-0.019,-0.322,-0.077,-0.231,0.188,0.659,0.392,0.905,0.698,0.992,0.705,0.972,1.020,0.262,6,0.623,0.295,6,0.825,0.182,6,0.648,0.199,6,0.923,0.155,12,0.635,0.170,12
1593.66,17.78,Hex2HexNAc4dHex3,"GalNAcα1,3(Fucα1,2)Galβ1,3[GalNAcα1,3(Fucα1,2)Gal-(Fuc-)GlcNAcβ1,6]GalNAcol",2,blood A,4,2,3,,,9,-0.519,-0.920,-0.907,-0.932,-0.415,-0.876,-0.435,-0.871,-0.775,-0.817,-0.488,-0.618,-0.621,-0.907,-0.864,-0.818,-0.354,-0.571,-0.475,-0.802,-0.668,0.004,-0.296,-0.690,-0.761,-0.667,-0.689,-0.488,0.450,0.842,0.210,0.887,0.585,0.992,0.239,0.972,0.097,0.048,6,0.131,0.040,6,0.127,0.049,6,0.304,0.131,6,0.112,0.033,12,0.218,0.070,12
1609.50,15.38,Hex3HexNAc4dHex2,"Gal-(Fuc-)GlcNAcβ1,3(Gal-(Fuc-)GlcNAcβ1,6)Galβ1,3(GlcNAcβ1,6)GalNAcol",2,Lewisa/x,4,3,2,,,9,-0.482,-0.956,-0.733,-0.947,-0.852,-0.862,-0.940,-0.935,-0.740,-0.812,-0.760,-0.809,-0.106,-0.956,-0.789,-0.920,-0.784,-0.820,0.042,-0.834,-0.786,-0.365,-0.635,-0.708,-0.805,-0.833,-0.729,-0.548,0.742,0.943,0.354,0.905,0.615,0.992,0.069,0.972,0.069,0.034,6,0.049,0.012,6,0.149,0.107,6,0.279,0.151,6,0.109,0.055,12,0.164,0.080,12
1609.50,17.74,Hex3HexNAc4dHex2,"Gal-(Fuc-)GlcNAcβ1,3[Gal-(Fuc-)GlcNAcβ1,6]Galβ1,3(GlcNAcβ1,6)GalNAcol",2,"I, Lewisa/x",4,3,2,,,9,0.288,-0.304,0.247,-0.199,0.037,-0.068,-0.228,-0.006,0.452,-0.146,0.002,-0.026,0.448,-0.230,0.186,-0.331,0.122,0.058,0.173,-0.283,0.270,0.359,0.108,-0.102,0.000,0.008,0.042,0.087,0.955,0.964,0.772,0.956,0.787,0.992,0.577,0.972,1.030,0.244,6,1.079,0.338,6,1.211,0.344,6,1.271,0.268,6,1.120,0.203,12,1.175,0.208,12
1609.50,21.59,Hex3HexNAc4dHex2,"GalNAc-(Fuc-)Gal-GlcNAcGalβ1,3(Gal-(Fuc-)GlcNAcβ1,6)GalNAcol",2,"Lewisa/x, blood A",4,3,2,,,9,-0.141,-1.000,0.362,-1.000,0.181,0.191,-0.069,-1.000,0.221,-1.000,-0.037,0.012,-0.145,-1.000,0.363,-1.000,0.252,0.347,-0.276,-1.000,0.057,-1.000,-0.022,0.206,-0.235,-0.312,-0.197,-0.339,0.821,0.959,0.688,0.956,0.920,0.992,0.933,0.972,0.949,0.363,6,0.677,0.244,6,1.106,0.419,6,0.638,0.246,6,1.027,0.265,12,0.657,0.165,12
1625.50,22.85,Hex4HexNAc4dHex1,"Gal-(Fuc-)GlcNAcβ1,3(Gal-GlcNAcβ1,6)Galβ1,3(Gal-GlcNAcβ1,6)GalNAcol",2,"I, H",4,4,1,,,9,0.075,0.008,-0.175,-0.046,0.244,0.149,0.029,0.163,0.028,0.163,0.247,0.544,-0.009,0.183,-0.036,0.229,0.180,0.153,-0.057,0.265,-0.131,0.129,-0.475,0.509,0.042,0.196,0.117,0.040,0.151,0.659,0.612,0.956,0.349,0.992,0.353,0.972,1.056,0.158,6,1.619,0.373,6,1.242,0.129,6,1.295,0.424,6,1.149,0.101,12,1.457,0.274,12
1666.59,19.02,Hex3HexNAc5dHex1,"Fuc-Gal-GlcNAcβ1,3[GlcNAcβ1,6]Galβ1,3(GlcNAc-Gal-GlcNAcβ1,6)GalNAcol",2,I,5,3,1,,,9,-0.636,-0.822,-0.574,-0.874,-0.562,-0.697,-0.841,-0.675,-0.187,-0.891,-0.528,-0.658,-0.655,-0.731,-0.586,-0.832,-0.584,-0.613,-0.861,-0.809,-0.797,-0.151,-0.803,-0.762,-0.694,-0.630,-0.667,-0.697,0.592,0.926,0.800,0.956,0.688,0.992,0.665,0.972,0.110,0.024,6,0.175,0.079,6,0.120,0.018,6,0.148,0.092,6,0.115,0.014,12,0.162,0.058,12
1698.64,21.53,Hex3HexNAc3dHex4,"Gal-(Fuc-)GlcNAc(Fucα1,2)Galβ1,3(Fucα1,2Gal-(Fuc-)GlcNAcβ1,6)GalNAcol",2,Lewis b/y,3,3,4,,,10,-0.917,-0.890,-0.803,-0.800,-0.830,-0.852,-0.660,-0.791,-0.622,-0.257,-0.673,-0.714,-0.862,-0.838,-0.555,-0.714,-0.833,-0.883,-0.856,-0.701,-0.505,-0.016,-0.732,-0.802,-0.849,-0.620,-0.781,-0.602,0.015,0.536,0.221,0.887,0.243,0.992,0.907,0.972,0.042,0.006,6,0.163,0.059,6,0.072,0.023,6,0.226,0.130,6,0.057,0.012,12,0.195,0.069,12
1771.50,17.98,Hex4HexNAc4dHex2,"Fuc-Gal-GlcNAcβ1,3(Fuc-Gal-GlcNAcβ1,6)Galβ1,3(Gal-GlcNAcβ1,6)GalNAcol",2,"I, H",4,4,2,,,10,-0.016,-0.474,-0.512,-0.672,-0.385,-0.455,-0.644,-0.719,-0.415,-0.845,-0.630,-0.572,-0.068,-0.295,-0.500,-0.646,-0.347,-0.546,-0.358,-0.677,-0.505,-0.153,-0.795,-0.530,-0.419,-0.637,-0.400,-0.503,0.069,0.659,0.434,0.905,0.883,0.992,0.250,0.972,0.331,0.110,6,0.141,0.034,6,0.340,0.093,6,0.253,0.080,6,0.335,0.069,12,0.197,0.045,12
1771.50,22.22,Hex4HexNAc4dHex2,"Fuc-Gal-GlcNAcβ1,3(Gal-GlcNAcβ1,6)Galβ1,3(Fuc-Gal-GlcNAcβ1,6)GalNAcol",2,"I, H",4,4,2,,,10,-0.321,-0.290,0.008,-0.113,0.062,0.101,-0.240,0.055,-0.148,-0.102,-0.129,-0.051,-0.342,-0.182,-0.027,0.035,0.009,0.020,-0.473,-0.099,-0.204,-0.185,-0.543,-0.142,-0.092,-0.103,-0.081,-0.274,0.904,0.964,0.076,0.723,0.913,0.992,0.074,0.972,0.766,0.135,6,0.707,0.078,6,0.767,0.104,6,0.470,0.085,6,0.766,0.081,12,0.589,0.066,12
1771.50,24.70,Hex4HexNAc4dHex2,"Gal-GlcNAc-(Fucα1,2)Galα1,3(Fucα1,2Gal-GlcNAc-Gal-GlcNAcβ1,6)GalNAcol",2,H,4,4,2,,,10,-0.482,-0.033,-0.270,0.020,-0.655,0.080,-0.547,-0.036,-0.541,-0.587,-0.423,-0.743,-0.494,0.063,-0.307,-0.156,-0.562,0.005,-0.893,-0.186,-0.597,-0.158,-0.435,-0.378,-0.223,-0.479,-0.242,-0.441,0.132,0.659,0.224,0.887,0.910,0.992,0.802,0.972,0.611,0.165,6,0.285,0.110,6,0.559,0.149,6,0.319,0.090,6,0.585,0.106,12,0.302,0.068,12
1771.50,26.17,Hex4HexNAc4dHex2,"Fucα1,2Galα1,3(Fucα1,2Gal-GlcNAc-Gal-GlcNAc-Gal-GlcNAcβ1,6)GalNAcol",2,H,4,4,2,,,10,-0.118,0.275,-0.521,-0.152,-0.784,0.182,-0.460,-0.185,-0.799,-0.509,-0.754,-0.333,-0.226,0.208,-0.425,-0.146,-0.290,0.008,-0.950,-0.149,-0.618,-0.153,-0.493,-0.172,-0.186,-0.507,-0.145,-0.423,0.127,0.659,0.117,0.887,0.832,0.992,0.622,0.972,0.790,0.278,6,0.252,0.076,6,0.706,0.185,6,0.360,0.109,6,0.748,0.160,12,0.306,0.065,12
1812.69,17.09,Hex3HexNAc5dHex2,"GlcNAcα1,4(Fucα1,2)Gal-GlcNAcβ1,3)Galβ1,3(GlcNAcα1,4(Fucα1,2)Gal-GlcNAcβ1,6)GalNAcol",2,blood A,5,3,2,,,10,-0.160,-0.863,-0.497,-0.852,-0.284,-0.361,-0.753,-0.784,-0.481,-0.807,-0.138,-0.383,-0.079,-0.852,-0.564,-0.870,-0.197,-0.025,-0.339,-0.656,-0.513,-0.399,-0.135,-0.449,-0.503,-0.558,-0.431,-0.415,0.744,0.943,0.926,0.973,0.724,0.992,0.302,0.972,0.274,0.089,6,0.228,0.091,6,0.394,0.146,6,0.312,0.072,6,0.334,0.084,12,0.270,0.057,12
1843.68,22.01,NeuAc1Hex3HexNAc3dHex3,"Fucα1,2Galβ1,3(NeuAcα2,3Gal-(Fuc-)GlcNAcβ1,3Gal-(Fuc-)GlcNAcβ1,6)GalNAcol",2,"H, Lewis a/x",3,3,3,1,,10,-0.651,-0.989,-0.935,-0.799,-0.210,-0.905,0.069,-0.836,-0.772,0.066,-0.714,-0.779,-0.880,-0.925,-0.828,0.219,-0.800,-0.965,-0.903,-0.475,-0.578,-0.203,-0.921,-0.616,-0.748,-0.494,-0.697,-0.616,0.263,0.758,0.716,0.956,0.820,0.992,0.574,0.972,0.124,0.081,6,0.402,0.211,6,0.287,0.254,6,0.186,0.076,6,0.205,0.129,12,0.294,0.112,12
1917.50,16.89,Hex4HexNAc4dHex3,"Gal-(Fuc-)GlcNAcβ1,3(Gal-(Fuc-)GlcNAcβ1,6)Galβ1,3(Gal-(Fuc-)GlcNAcβ1,6)GalNAcol",2,"I, Lewisa/x",4,4,3,,,11,0.153,-0.288,-0.344,-0.326,-0.335,-0.360,-0.498,-0.615,-0.476,-0.647,-0.564,-0.638,0.226,-0.210,-0.358,-0.534,-0.315,-0.475,-0.075,-0.660,-0.494,-0.230,-0.594,-0.622,-0.250,-0.573,-0.278,-0.446,0.004,0.405,0.282,0.905,0.845,0.992,0.240,0.972,0.527,0.159,6,0.171,0.019,6,0.542,0.213,6,0.311,0.103,6,0.534,0.127,12,0.241,0.054,12
1917.50,24.70,Hex4HexNAc4dHex3,"Fucα1,2Galβ1,4GlcNAcβ1,3(Fucα1,2Galβ1,4GlcNAcβ1,6)Galβ1,3(Gal-(Fuc-)GlcNAcβ1,6)GalNAcol",2,"I, H, Lewisa/x",4,4,3,,,11,0.180,0.338,0.586,0.506,0.331,0.336,0.364,0.600,0.339,0.402,0.191,0.213,0.166,0.269,0.484,0.256,0.344,0.358,0.147,0.323,0.403,0.534,0.045,0.208,0.380,0.351,0.313,0.277,0.746,0.943,0.681,0.956,0.388,0.992,0.449,0.972,2.410,0.348,6,2.263,0.359,6,2.010,0.223,6,1.930,0.347,6,2.210,0.206,12,2.097,0.243,12
1974.74,18.19,Hex4HexNAc5dHex2,"Gal-(Fuc-)GlcNAcβ1,3(Gal-(Fuc-)GlcNAcβ1,6)Galβ1,3(GlcNAcα1,4Gal-GlcNAcβ1,6)GalNAcol",2,"αGlcNAc, Lewisa/x",5,4,2,,,11,0.234,-0.196,-0.060,-0.341,0.111,-0.054,-0.364,-0.322,-0.022,-0.494,-0.214,0.017,0.196,-0.056,-0.061,-0.230,0.071,0.002,-0.197,-0.499,-0.234,0.017,-0.462,-0.053,-0.051,-0.233,-0.013,-0.238,0.152,0.659,0.055,0.723,0.719,0.992,0.967,0.972,0.875,0.187,6,0.539,0.119,6,0.915,0.136,6,0.535,0.118,6,0.895,0.110,12,0.537,0.080,12
1988.72,19.09,NeuAc2Hex3HexNAc3dHex2,"NeuAcα2,3Galβ1,3(NeuAcα2,3Gal-(Fuc-)GlcNAc-Gal-(Fuc-)GlcNAcβ1,6)GalNAcol",2,Lewisa/x,3,3,2,2,,10,-0.407,-0.779,-0.748,-0.642,-0.339,-0.718,0.631,-0.798,-0.648,-0.252,-0.508,-0.468,-0.449,-0.801,-0.662,-0.661,-0.401,-0.922,-0.796,-0.819,-0.759,-0.538,-0.882,-0.508,-0.605,-0.341,-0.650,-0.717,0.260,0.758,0.529,0.956,0.701,0.992,0.114,0.972,0.169,0.051,6,0.878,0.662,6,0.144,0.045,6,0.103,0.031,6,0.157,0.032,12,0.491,0.337,12
1988.72,19.33,NeuAc2Hex3HexNAc3dHex2,"NeuAcα2,3Galβ1,3(NeuAcα2,3Gal-(Fuc-)GlcNAc-Gal-(Fuc)GlcNAcβ1,6)GalNAcol",2,Lewisa/x,3,3,2,2,,10,-0.638,-0.762,-0.912,-0.869,-0.465,-0.681,-0.207,-0.583,-0.883,-0.612,-0.534,-0.332,-0.778,-0.509,-0.920,-0.168,-0.851,-0.492,-0.860,-0.485,-0.739,-0.343,-0.932,-0.484,-0.721,-0.525,-0.620,-0.640,0.125,0.659,0.895,0.973,0.466,0.992,0.419,0.972,0.102,0.033,6,0.236,0.072,6,0.190,0.085,6,0.158,0.054,6,0.146,0.046,12,0.197,0.045,12
2031.76,19.56,Hex4HexNAc6dHex1,"Gal-(Fuc-)GlcNAcβ1,3(GlcNAcα1,4Gal-GlcNAcβ1,6)Galβ1,3(GlcNAcα1,4Gal-GlcNAcβ1,6)GalNAcol",2,"αGlcNAc, Lewisa/x",6,4,1,,,11,0.255,-0.085,0.095,-0.252,0.243,0.108,-0.227,-0.127,0.309,-0.461,0.279,0.187,0.142,0.045,0.111,-0.053,0.153,0.165,-0.421,-0.281,-0.173,-0.096,-0.389,0.027,0.061,-0.007,0.094,-0.222,0.664,0.926,0.002,0.260,0.715,0.992,0.171,0.972,1.143,0.201,6,1.094,0.295,6,1.159,0.091,6,0.542,0.107,6,1.151,0.105,12,0.818,0.171,12
2062.75,19.46,NeuAc1Hex4HexNAc4dHex2,"Gal-(Fuc-)GlcNAcβ1,3Galβ1,3[NeuAcα2,3Gal-(Fuc-)GlcNAc-Galβ1,4GlcNAcβ1,6]GalNAcol",2,"Lewisa/x, sLea/x",4,4,2,1,,11,-0.262,-0.385,-0.108,-0.354,-0.107,-0.405,0.207,-0.197,-0.094,-0.195,-0.175,-0.391,-0.342,-0.349,-0.108,-0.272,-0.244,-0.511,-0.256,-0.242,-0.250,0.367,-0.506,-0.334,-0.270,-0.141,-0.304,-0.203,0.215,0.659,0.466,0.931,0.669,0.992,0.676,0.972,0.460,0.073,6,0.694,0.172,6,0.416,0.064,6,0.699,0.308,6,0.438,0.047,12,0.697,0.168,12
2062.75,24.08,NeuAc1Hex4HexNAc4dHex2,"Gal-(Fuc-)GlcNAcβ1,3(Fucα1,2Gal-GlcNAcβ1,6)Galβ1,3[NeuAc-Gal-GlcNAcβ1,6]GalNAcol",2,"I, H, Lewisa/x",4,4,2,1,,11,-0.104,-0.205,0.175,-0.001,0.176,-0.438,0.038,0.416,0.238,0.431,0.003,-0.291,-0.210,-0.248,0.127,-0.153,0.131,-0.574,-0.406,0.076,0.143,0.562,0.115,-0.252,-0.066,0.139,-0.154,0.040,0.198,0.659,0.294,0.905,0.556,0.992,0.590,0.972,0.861,0.189,6,1.508,0.367,6,0.707,0.181,6,1.314,0.477,6,0.784,0.127,12,1.411,0.288,12
