,1A,2A,3A,4A,5A,6A,1B,2B,3B,4B,5B,6B,1C,2C,3C,4C,5C,6C,1D,2D,3D,4D,5D,6D
b-D-GalxS-(1-3)-?-D-Galx2NAc,0.1412071066711115,0.014027900418847985,0.035649490844684995,0.056778148165691725,0.12325726383280658,0.092676180660563,0.08348474317859478,0.05032494513221542,0.03454602801634945,0.06011799448133221,0.07247647605056387,0.09371341093593404,0.12924794114715926,0.020698269704622886,0.057788524850065484,0.0417170872763644,0.1202360438587202,0.10666837921654987,0.09471055053333778,0.05729778567295471,0.031230875475130405,0.07578230481013756,0.058336303628100813,0.0885957650560881
b-D-Glcx2NAc-(1-6)-?-D-Galx2NAc,0.6656793254018132,0.8587146096836791,0.7946275818677788,0.8774349880396944,0.956467094276448,0.8585708697254881,0.8841682578184759,0.8248330527796127,0.737311588463155,0.951669676238917,0.8867055546132239,1.010212666586664,0.7604700254582024,0.8619578516040175,0.7623943245555527,0.9119003453864571,1.0368864474314083,0.9138028067863928,0.7656937208672706,0.9627526174218596,0.9884887905720656,0.8779642452405609,0.7797092309906847,1.0176318985136452
a-D-Neux5Ac-(2-6)-?-D-Galx2NAc,0.3722668226010067,0.1381245178032872,0.1962224898836893,0.09244591218056517,-0.04642245936616935,0.09790147975956724,-0.060606060606060615,0.15314227269821662,0.2286747576305337,-0.0003271081474243368,0.14074192797200985,-0.02182451519996886,0.2458428839341529,0.14837932189372166,0.2489648484086732,0.09415164863353592,-0.15429052507769087,0.022666426357247586,0.1820607282147234,0.017287558293388204,0.10019777215076166,0.242923062741632,0.15107633200584006,-0.03303339900255852
b-D-Galx-(1-3)-?-D-Galx2NAc,0.19359175442527435,0.8736960231922006,0.7335284053936418,0.8713489981763498,0.7583728749568428,0.8057536592766452,0.7918691243605216,0.7936583494918072,0.6425839703580309,0.8093115266300605,0.7224720199403741,0.7471872030305879,0.475144278246374,0.8447065879723452,0.6304005347509568,0.8862784799345832,0.8234878166818215,0.8608567030790681,0.6518431470659226,0.8191316970035614,0.7583839109758636,0.8022036296991158,0.8104899101371591,0.7631595646793797
?-D-Galx-(1-?)-b-D-Glcx2NAc-(1-6)-?-D-Galx2NAc,0.5271200056835882,0.6571989159228775,0.6224035880043609,0.7011762694503003,0.7858360538467078,0.6006993813647087,0.7285086631088563,0.6158654194455692,0.5439360840192561,0.7598053611543685,0.6598191106754024,0.8500598398432809,0.8917872382833383,0.6420586003848137,0.5484560922902455,0.6956660159091701,0.8951472386141569,0.7243865031733966,0.7661112765281449,0.7531891767112328,0.8574264916427584,0.5008735352965734,0.6645356229736307,0.8824898251160271
a-D-Neux5Ac-(2-3)-b-D-Galx-(1-3)-?-D-Galx2NAc,0.5861282195613801,0.16305397545899736,0.2750489116616605,0.13226055704237036,0.13475669378762514,0.17719124030482886,-0.19902881949634849,0.14444354477850466,0.26677707060822115,-0.1141729007806145,0.20031724629639736,-0.04504756375619074,0.2864038703715447,0.14799741292988253,0.2599805181542522,0.12268443297155532,0.18962271663972674,0.2262457937219855,0.2421799341894692,-0.057840494155182526,0.04716844741141661,-0.02459454623338737,0.2738554654566143,-0.04515312082656694
a-D-Neux5Ac-(2-6)-[b-D-Galx-(1-3)]?-D-Galx2NAc,0.15642163479667512,0.0660157647977067,0.07581253689921609,0.04908092153565595,0.026230357865836936,0.04140555843934388,-0.01813373688744508,0.05770855085124973,0.1152570518520725,-0.029554847982092236,0.08296486572733779,-0.06828228837939433,0.09959864826911403,0.06008316558957515,0.08906088648111304,0.06001298811248045,-0.05445846522483761,0.028572651821345125,0.0896987080440248,-0.042731413572145466,0.026275342627267592,0.16643043438182872,0.08797184846013066,-0.07711422695399603
b-D-Glcx2NAc-(1-6)-[b-D-Galx-(1-3)]?-D-Galx2NAc,0.028874267008410538,0.8067749424960751,0.6414608211125999,0.8318822087487868,0.7256530267039465,0.7455834154586097,0.7156782518956409,0.7355313119260192,0.4888703371119805,0.8199108183896321,0.6734375583966051,0.8388469235185178,0.3730885963561249,0.7974733347231285,0.5545913025842012,0.851130477807412,0.8537529240751257,0.8108350545150204,0.5269417365969624,0.864127580827256,0.8345016254091598,0.7852794933386833,0.6588814955205671,0.8608846019608468
b-D-Glcx2NAc-(1-3)-b-D-Galx-(1-3)-?-D-Galx2NAc,0.3229425684353192,0.25849304647612004,0.18300826111501348,0.258266747388864,0.22368788184126653,0.20886150543782164,0.3962890076195496,0.22654237071445324,0.14317107149033012,0.340082297522526,0.2322301825280231,0.2920288139386293,0.28458102684436065,0.22906848388122025,0.1564267952506574,0.2720244067012981,0.2852120780383469,0.2611003271108386,0.3227787477676041,0.322799565527463,0.40903954881561305,-0.01284004706571305,0.3338565621808361,0.33809242919405696
a-L-Fucx-(1-2)-b-D-Galx-(1-3)-?-D-Galx2NAc,0.6109884524791921,0.3977221431924167,0.30141380558584085,0.462493412950288,0.6228287985004125,0.5005592041747222,0.6071563047881469,0.4380754725021844,0.3163072925538218,0.4969566784960012,0.5469422459370337,0.7075404689238232,0.4511882004403091,0.4836671975229742,0.39715327956305824,0.6375094863409362,0.4427992708299601,0.4113738171839189,0.04034257182574008,0.5408128244307485,0.3521642645795553,1.0809345905879415,0.2112445078107328,0.7067138369768698
b-D-Glcx2NAc(6S)-(1-6)-[b-D-Galx-(1-3)]?-D-Galx2NAc,0.3120235213107228,0.025887646592296733,0.07910437791692343,0.05261868531369161,0.1148601712702196,0.1169815011246774,0.09192670890217973,0.06213377085508515,0.053962786920176906,0.06966529732079049,0.08015967249027559,0.06470422251988983,0.23028348297199594,0.02937025176942609,0.08238364096272313,0.045877643058076914,0.1486869775936863,0.11833167257427325,0.09339504465378996,0.04841303631637001,0.030828734089798963,0.031756342755513145,0.09937349628827397,0.07528765139736998
a-D-Neux5Ac-(2-6)-[a-D-Galx2NAc-(1-3)]?-D-Galx2NAc,0.14823781444177875,0.02883199142521613,0.0448500545138784,0.027828434739360083,-0.023001343766636657,0.03935117269879957,-0.027042132261572517,0.03718650785195289,0.03959127657741735,0.01801944184940335,0.037359452847166914,0.0025233278088238626,0.04082372233345714,0.029484739020330882,0.05928822705205681,0.027274022304877923,-0.0363036014803937,0.0032593691325313355,0.04550828152060733,0.01838329436278763,0.034718908084375305,-0.0007862359900880043,0.03407984837787633,-0.005971524747106182
a-D-Neux5Ac-(2-6)-[b-D-Glcx2NAc-(1-3)]?-D-Galx2NAc,0.08976243694769459,0.024120176459268887,0.041774222046015726,0.025356440802406285,0.014563681539726387,0.04718755407103144,0.005737906604140436,0.035575632311265495,0.046993996866635086,0.031962379143797265,0.04325301793656222,0.03479467960547866,0.05066272864817852,0.03344907367852662,0.05988096649379624,0.03411787548546997,-0.017379486097898862,0.017235985921182657,0.04978954842324286,0.03375493883828281,0.03654363339303462,0.06879836029128687,0.02473198801828788,0.03483689898957852
a-D-Glcx2NAc-(1-4)-b-D-Galx-(1-3)-?-D-Galx2NAc,-0.3192700961291485,0.0363129868051197,-0.014431633563311506,0.03639270954219266,-0.073051062304241,-0.0010375368936835004,0.03003745306808485,0.013651104813449541,-0.04278293060937405,0.04256205081991688,-0.08854722183091497,-0.013278282839749215,-0.08799115757811861,0.0294676513709421,-0.028226537873193763,-0.017927853620626454,-0.018633567551058085,-0.017568137733205445,0.027438281338550717,0.04227813733276363,0.02553562705983416,-0.15785015968724075,-0.002312545839645209,-0.020905023839947853
?-D-Galx-(1-?)-[?-L-Fucx-(1-?)]b-D-Glcx2NAc-(1-6)-?-D-Galx2NAc,0.9947153560713288,0.33432269458267183,0.3534390069424392,0.3591648065035647,0.5226382866685596,0.5075480025377334,0.17186597030980072,0.33566725618461163,0.34782358080525794,0.21952072007862747,0.5471981129092073,0.5002507111049126,0.7579912481767033,0.3689817298852733,0.3878422713204093,0.3826144837225287,0.5510003334298906,0.5611328517477332,0.3776300574300534,0.342593137565899,0.33946628188356576,0.24251747341709004,0.32477217267922875,0.5376340906927577
a-D-Neux5Ac-(2-6)-[a-D-Neux5Ac-(2-3)-b-D-Galx-(1-3)]?-D-Galx2NAc,-0.03914571298973128,0.0028270889795683485,-0.005218680376296588,-0.009244073135494878,-0.03619476419503575,-0.023298502185410026,-0.027125863575491488,-0.014060642219428527,0.007065938613767762,-0.04299211635172216,0.004297990150559024,-0.0626090171670618,-0.0651222627902552,-0.003250925296214401,-0.024276607930710903,0.0006590377136866414,-0.04177850278602113,-0.014522146791765675,-0.0015938763201307044,-0.05110058987061372,-0.04235959440567294,-0.03965015209599671,0.030412676761099187,-0.0726606420200354
a-D-Glcx2NAc-(1-4)-b-D-Galx-(1-4)-b-D-Glcx2NAc-(1-6)-?-D-Galx2NAc,0.3000032789931304,0.17278621128713484,0.18170790041844245,0.2189257780119841,0.19843202387152165,0.2192280976275197,0.2694586693501781,0.14727067396816612,0.1234291887382798,0.2991500886915179,0.17404632054669278,0.3173872854117273,0.5266133342997181,0.15355645246728564,0.16853939003540727,0.17392410825860424,0.3059862479860745,0.2466354954966153,0.4268634522515409,0.2522791845308209,0.42763139425857216,0.04593787108983153,0.249616146522356,0.3247049932648182
b-D-Galx-(1-4)-b-D-Glcx2NAc-(1-6)-[b-D-Galx-(1-3)]?-D-Galx2NAc,0.1564872146592854,0.6583804664696817,0.5512231147463271,0.7049264470786072,0.6060072909482457,0.5843689894954872,0.6001840034150047,0.5986183972214529,0.4002274571623422,0.6818388872700217,0.5377935642269223,0.7427373241697828,0.6489830308850577,0.6446943703030323,0.4529879066871008,0.6724156723223929,0.7579509026673518,0.6961149286702262,0.6262101626352871,0.7129282333004399,0.7763792116063762,0.5071352271679779,0.5982442130660982,0.7923443913385851
b-D-Glcx2NAc-(1-6)-[b-D-Glcx2NAc-(1-3)-b-D-Galx-(1-3)]?-D-Galx2NAc,0.28427777443806257,0.2451057370843218,0.18541559829520232,0.2567643079601167,0.19795512332763973,0.2091448689882416,0.3739383973826516,0.22755406873921305,0.12295121782196812,0.32221102312665983,0.22755126682900315,0.2628645932998836,0.2976562146099277,0.2142022289129862,0.15329170350458984,0.2547931052488297,0.2701771029055657,0.25894582887069073,0.33022368885467,0.3025091476954381,0.4147691862848033,-0.014705324173232176,0.3313632282077469,0.2979553603105973
a-D-Galx2NAc-(1-3)-[a-L-Fucx-(1-2)]b-D-Galx-(1-3)-?-D-Galx2NAc,0.15229830093505956,0.2712314921886382,0.23320466190621875,0.2766153814271844,0.286318336080755,0.2870497842174024,0.11535452506109048,0.3179604099635637,0.2464969848325191,0.2825021455787021,0.2808909057978305,0.2173960424619636,0.110847368564103,0.3230078363960096,0.3062106238903989,0.3683818038673345,0.2308332509239333,0.2194991758353688,0.01825323135813648,0.2848225840108909,0.26649341133800103,0.6312423070875108,0.15608699079437108,0.25283252616913826
b-D-Glcx2NAc-(1-6)-[a-L-Fucx-(1-2)-b-D-Galx-(1-3)]?-D-Galx2NAc,0.09298404769842006,0.35200387016252177,0.20673957449009045,0.3933578855126356,0.4605633884446003,0.3667175718000605,0.4413220712147666,0.3509923078562147,0.1922990983965954,0.4195638785984268,0.41887148290722376,0.5787132325515774,0.08354095509028152,0.4239603874111869,0.2561091440413976,0.5518173471906994,0.34463786100786825,0.30648911391426065,-0.051342902464048205,0.4606257352362272,0.2579038678562005,0.8885421015816899,0.12161300714927102,0.5656557644215101
b-D-Galx2NAc-(1-4)-b-D-Glcx2NAc-(1-6)-[b-D-Galx-(1-3)]?-D-Galx2NAc,-0.1768934819081554,0.007622709509413744,-0.00324497631986072,0.015956942898420298,-0.033104018135467886,-0.017912713995902503,0.0331534907995724,0.020373740171741504,0.012650685512623805,0.06175923396666685,0.010131900861610465,0.01205683649938538,-0.14094421845130775,0.006909818221585803,-0.003303629707815163,0.011058652835661842,-0.02167906891672041,-0.027163941433556167,-0.02448837685954684,0.05307459642744944,0.017984773369116674,0.13027008561838815,0.01282439046124108,0.002932760674614277
a-L-Fucx-(1-2)-b-D-Galx-(1-4)-b-D-Glcx2NAc-(1-6)-?-D-Galx2NAc,0.0584152626200249,0.23291976066857425,0.17627590486574066,0.2405575752551927,0.515353962041697,0.2205815974181317,0.3032691684350412,0.2156715177601161,0.26423436895857383,0.3253005044911833,0.34336916429247016,0.44715314783522464,-0.07893492303650207,0.2653707678164376,0.24225546641452625,0.4146944118164445,0.33560374876714066,0.2078427879207228,0.024591738035797023,0.34891225168220524,0.2212086418990619,0.4436778492921164,0.1191115334260979,0.4880648827328398
?-D-Galx-(1-?)-b-D-Glcx2NAc-(1-3)-b-D-Galx-(1-3)-?-D-Galx2NAc,0.4273156522737085,0.2460481000775113,0.1856687753985115,0.2454738087061556,0.2470220624458208,0.2063726707140008,0.37165761803418396,0.2263463382412479,0.17295487708440327,0.3332551971633909,0.2393671461057908,0.26476519753634986,0.3647571504933093,0.21989241615944816,0.17095105400499047,0.26933249111693197,0.3004185814089643,0.2603338229292476,0.32310292600220697,0.30428250498947834,0.3946593097485249,0.007188908107990883,0.3303479014867467,0.3027651743503507
b-D-Glcx2NAc-(1-6)-[a-D-Neux5Ac-(2-3)-b-D-Galx-(1-3)]?-D-Galx2NAc,0.7606143740128865,0.15762279942954674,0.2860362592705913,0.15256791322265126,0.2193932930893301,0.2366963320719893,-0.14810733840755375,0.17170740022586356,0.2681105965115895,-0.027658684493364186,0.22969954317683275,0.0887588665133642,0.4662692408744573,0.15668947298271751,0.3156658892020013,0.13751227457741733,0.297925295951846,0.2749194997973253,0.23620377890809485,0.04250477545245454,0.15289794451712158,0.07493316994084252,0.2313873904132593,0.10532266857424713
b-D-Galx-(1-4)-b-D-Glcx2NAc(6S)-(1-6)-[b-D-Galx-(1-3)]?-D-Galx2NAc,0.07875048501773389,-0.002760907761726036,0.03176025959810558,0.02130429505245957,0.03790200190594626,0.05798295304941808,0.045252922505384735,0.02228803988834673,0.0021243151836075396,0.03395314185286058,0.015567636565402757,0.009379125138247874,0.08849669768158219,-0.0067402233014022105,0.02364530471806313,0.006933583700070918,0.06799869428504665,0.05685251285620866,0.05116378224384192,0.015453050747829359,-0.017189614224997058,-0.029450773493544725,0.05773653256928212,0.01031550072543822
a-D-Neux5Ac-(2-6)-[a-L-Fucx-(1-2)-b-D-Galx-(1-3)]?-D-Galx2NAc,0.2836602307318166,0.057984098523691276,0.08500825249621848,0.053332899130805515,0.07838224737725398,0.08487741391891786,0.05166684388938631,0.0705333361743837,0.09595039464983447,0.032224141645046236,0.10164962324307072,0.05456615302783119,0.2193391739221033,0.06710319914971855,0.11593412165298606,0.05637307212458041,0.02795210161472831,0.056293171966939504,0.08002269247642219,0.04277077904656057,0.0878394690891533,0.14775814296481454,0.059655799957501934,0.05869126906979497
b-D-GlcxS(2NAc)-(1-6)-[a-L-Fucx-(1-2)-b-D-Galx-(1-3)]?-D-Galx2NAc,0.30295164031631355,0.02037734084586072,0.049466496589111855,0.050224403760983374,0.12399414140929073,0.1002555287237857,0.09322942431382698,0.051582109906032285,0.05189028430202322,0.06517468372897206,0.0724549142270661,0.09642485315724092,0.2048796397800266,0.031416070592497146,0.07027890176093604,0.0515164711267973,0.12635330091216262,0.1003844260161187,0.06578116677149602,0.052218492906188636,0.05316968822462651,0.08879586602538729,0.06753850530197616,0.10686152062234816
?-D-Galx-(1-?)-[?-L-Fucx-(1-?)]b-D-Glcx2NAc-(1-6)-[b-D-GalxS-(1-3)]?-D-Galx2NAc,0.14137925381046326,0.01868900042981824,0.02773635967955319,0.02323230229969449,0.04874155385126165,0.043375938171577866,0.03428874358338173,0.026532569090792886,0.02317316989923103,0.029109205871838174,0.032687724422646225,0.04878649987188759,0.10159725305090732,0.0211416942062616,0.03629279328818991,0.03291132951733597,0.06167140265466201,0.04907007850798235,0.047757561662869895,0.026397799202447846,0.016983981719059682,0.02158082234862246,0.033805667322416355,0.050088408276053056
a-D-Glcx2NAc-(1-4)-b-D-Galx-(1-4)-b-D-Glcx2NAc-(1-6)-[b-D-Galx-(1-3)]?-D-Galx2NAc,0.13613559729592364,0.18149803344669274,0.13912027959370996,0.2140417396916373,0.0792731240877,0.2356945290773631,0.21774559344697164,0.13789094628284085,0.03663018846173026,0.2575302309094783,0.08945928696487145,0.2475968383805295,0.3962419707004176,0.1651491410038652,0.11631404621082385,0.15862936378019968,0.2314152217308774,0.24754563289421624,0.31862198409999715,0.2394911381819877,0.34233952242727783,0.012243592176680784,0.2098770297966262,0.2850078024269732
b-D-Galx-(1-4)-b-D-Glcx2NAc-(1-6)-[b-D-Glcx2NAc-(1-3)-b-D-Galx-(1-3)]?-D-Galx2NAc,0.2314204051742511,0.1997751996676552,0.15924354990928713,0.2143518491106744,0.1304927392720146,0.15081711515844526,0.3139343803343397,0.18745690481771124,0.10434856385283416,0.2858264153695998,0.17303147738739688,0.20867466909701834,0.3597524846661895,0.16351171700118589,0.1102538210269675,0.19138353815042566,0.2122469411526872,0.2063360202412348,0.34284491066599243,0.2598262721354356,0.3785504943601953,-0.015382029356425166,0.3087891307775089,0.2395669580918812
b-D-Glcx2NAc-(1-6)-[a-D-Galx2NAc-(1-3)-[a-L-Fucx-(1-2)]b-D-Galx-(1-3)]?-D-Galx2NAc,0.033052250755534675,0.23803297910795645,0.18817684474533608,0.2402977938564291,0.20809339964679546,0.22988808393579416,0.10421774662082504,0.27730497965097706,0.1966662500072861,0.2495291884184719,0.21280585446631609,0.1728453602228831,0.019832030223687902,0.2833943932004825,0.2411164068849186,0.3278915406426021,0.19358711927951133,0.17876396712180445,-0.037820206757589264,0.2483923216686681,0.2210788056751765,0.5526295527130565,0.1227011632131278,0.20206627303590846
b-D-Galx2NAc-(1-4)-b-D-Glcx2NAc-(1-6)-[a-L-Fucx-(1-2)-b-D-Galx-(1-3)]?-D-Galx2NAc,-0.07463261614466916,0.004684119565002365,-0.010226200274939557,0.01564239277171211,-0.011692342848437526,-0.02597478315165465,0.03269630755179398,0.022124821546525758,0.015582629060243115,0.04765673172230985,0.022886438188001842,0.006543138202469486,-0.06041657229314076,0.009028686745793874,-0.0017032332151187134,0.036849840284744834,-0.02667614155980428,-0.034801361477157136,-0.013870365117482306,0.040878943140203,0.009703327737509058,0.16762551308676252,0.013962670249299123,-0.00039877468725392127
b-D-Galx-(1-4)-b-D-Glcx2NAc-(1-6)-[a-L-Fucx-(1-2)-b-D-Galx-(1-3)]?-D-Galx2NAc,0.05425094134427785,0.2844763680898627,0.16620807494904133,0.3249439730715489,0.4031448941421543,0.2937282618780733,0.36013557281208275,0.2668359932667109,0.12744854850336162,0.3186181523366575,0.3237098123546373,0.5149651501834115,0.13523107169066015,0.338050094152948,0.1929245478397861,0.4139167473142943,0.3295985101547341,0.2681376641510138,0.02044143444170576,0.36385584439707,0.2193600547979047,0.6603026737445981,0.07900398590709375,0.5250730486000342
a-L-Fucx-(1-2)-b-D-Galx-(1-4)-b-D-Glcx2NAc-(1-6)-[b-D-Galx-(1-3)]?-D-Galx2NAc,-0.006970592896607807,0.24407848948563896,0.17541941211199258,0.2724240935035408,0.503425652778318,0.2311607122706447,0.260946328227778,0.234336792312118,0.2304979122774407,0.3180630942607145,0.3386183758484576,0.4584075790648118,-0.08977051378457457,0.2775555434043381,0.2353054179241551,0.43965014222540777,0.3346498417301947,0.2277311545279336,0.04068965395735294,0.3478371538226934,0.2424372154130337,0.505214642425294,0.12636490756671165,0.48770504806929604
?-D-Galx-(1-?)-[?-L-Fucx-(1-?)]b-D-Glcx2NAc-(1-3)-b-D-Galx-(1-3)-?-D-Galx2NAc,0.049775115721132544,0.1380802770978817,0.10448834523445273,0.14536286502617066,0.16521126445708262,0.1556800599827975,0.18000691425451135,0.14389337538087835,0.09854167057959476,0.16487846279686194,0.16586935834888175,0.18209215660200506,-0.09988312782554336,0.1258868490032774,0.12421533438360098,0.20482892141380807,0.16256588740921468,0.17514344331632528,0.08085016916583418,0.18312665822283614,0.19336684277605293,-0.06662184217803638,0.17543431992816455,0.2257071940972694
?-D-Galx-(1-?)-[?-L-Fucx-(1-?)]b-D-Glcx2NAc-(1-6)-[b-D-Galx-(1-3)]?-D-Galx2NAc,0.8533361022608656,0.31563369415285353,0.32570264726288595,0.33593250420387016,0.4738967328172979,0.4641720643661556,0.13757722672641898,0.30913468709381875,0.3246504109060269,0.19041151420678928,0.514510388486561,0.45146421123302505,0.6563939951257961,0.3478400356790118,0.3515494780322193,0.3497031542051927,0.4893289307752287,0.5120627732397508,0.3298724957671835,0.31619533836345115,0.3224823001645061,0.2209366510684676,0.29096650535681234,0.4875456824167045
b-D-Glcx2NAc-(1-6)-[?-D-Galx-(1-?)-b-D-Glcx2NAc-(1-3)-b-D-Galx-(1-3)]?-D-Galx2NAc,0.3886508582764519,0.23266079068571305,0.1880761125787004,0.2439713692774081,0.22128930393219395,0.2066560342644207,0.34930700779728596,0.22735803626600765,0.15273502341604128,0.3153839227675247,0.2346882304067709,0.2356009768976041,0.3778323382588763,0.2050261611912141,0.16781596225892292,0.25210118966446354,0.2853836062761831,0.2581793246890997,0.3305478670892729,0.2839920871574535,0.4003889472177151,0.005323631000471756,0.3278545675136576,0.26262810546689097
?-D-Galx-(1-?)-?-D-Glcx2NAc-(1-?)-b-D-Galx-(1-4)-b-D-Glcx2NAc-(1-6)-?-D-Galx2NAc,0.9071744369695544,0.1832637051770618,0.29907057069351123,0.199313392582242,0.3740382298710297,0.2878296608915669,0.2071081207559653,0.1926666808719185,0.3617488554280463,0.2444721192542845,0.36849659466934215,0.4130992498126964,0.8127762124355616,0.1920835483529214,0.3171034608841959,0.1463038376779971,0.4843922430730157,0.3751533871543568,0.4018101125990812,0.21412142758319685,0.4287185094520772,0.20236196136056786,0.27719747547793183,0.3936836397095941
?-D-Glcx2NAc-(1-?)-b-D-Galx-(1-4)-b-D-Glcx2NAc-(1-6)-[b-D-Galx-(1-3)]?-D-Galx2NAc,0.2994895700693507,0.07827727412512209,0.10349556778466798,0.057521966700613436,0.026670828507061185,0.09572296573808677,0.0664544103543273,0.07134729709573633,0.09232675335340636,0.05689592224172036,0.05829382728116904,0.10319048530275067,0.3444195801661577,0.08166614834130186,0.08288354169672023,-0.017274392379901773,0.13760765365998373,0.13217708594445401,0.13200866589498148,0.04903867982721997,0.11650169278363255,0.05557549763315856,0.08024936766994083,0.0925835119286273
b-D-Glcx2NAc-(1-6)-[b-D-Glcx2NAc-(1-6)-[b-D-Glcx2NAc-(1-3)]b-D-Galx-(1-3)]?-D-Galx2NAc,0.2800888607138368,0.1253475862738716,0.10322084369384313,0.13678489804135194,0.10628589690834317,0.1306845110474169,0.20656001454767367,0.10509087809763272,0.0673485632051771,0.1419178263302682,0.1696182407276971,0.06955952037311518,0.18508203701858172,0.10812124712500296,0.12553364403354192,0.13318239679849608,0.13230165515998066,0.13904454908492522,0.1616010881112918,0.11918069364259055,0.19532350976087684,0.014792081248000532,0.20730486877009235,0.09912110924263096
?-D-Galx-(1-?)-b-D-Glcx2NAc-(1-6)-[a-D-Neux5Ac-(2-3)-b-D-Galx-(1-3)]?-D-Galx2NAc,0.5464141477623603,0.0983978030713121,0.195899823745642,0.09490162352272463,0.09966310619565008,0.14209553614640608,-0.14603511681031986,0.10901110140418918,0.1704374340604147,-0.05554189966631928,0.13445378151260498,0.02487132001180579,0.4085814979570018,0.0913163983336124,0.21065102786732348,0.05517818605445777,0.1846904046578667,0.17367189339653194,0.17275998419043825,0.004820932954099856,0.08692008826055958,0.06342375950938875,0.18089523541870875,0.044388742583367724
?-D-Galx-(1-?)-b-D-Glcx2NAc-(1-6)-[?-D-Glcx2NAc-(1-?)-b-D-Galx-(1-3)]?-D-Galx2NAc,-0.1808255411704912,0.04464354760102079,0.0004411745693834545,0.05464290789380198,-0.02750043674485572,0.009398015452090241,0.04713251071170075,0.026119196266859872,-0.03928882072658055,0.04761494090208143,-0.04949229092937207,0.010606409512102571,-0.04455457205758445,0.04230047606191197,-0.006033801859345074,0.032361793454538795,-0.001773041887020649,-0.004475417658460928,0.03163732912371451,0.049199199237456366,0.04290911745054996,-0.07876132586499515,0.01041031194949585,0.012820642250791063
a-D-Neux5Ac-(2-3)-b-D-Galx-(1-3)-b-D-Glcx2NAc-(1-6)-[b-D-Galx-(1-3)]?-D-Galx2NAc,0.20706568369739264,0.036410460229224416,0.09758091971161507,0.04333760628093696,0.056485392023010436,0.04399657957625862,-0.04327778813717347,0.0402037033091134,0.0708472066874478,-0.08547362486356243,0.05567406572618782,-0.04259688703080858,0.1718111563097384,0.02944629180920614,0.061252122792759725,0.008852904303161395,0.0801019367813426,0.07785887069765003,0.08797445569476033,-0.0268457247948218,-0.015896164708128175,-0.03335375739468505,0.09820394272357752,-0.03688052912281109
b-D-Glcx2NAc-(1-6)-[a-D-Neux5Ac-(2-3)-[a-L-Fucx-(1-2)]b-D-Galx-(1-3)]?-D-Galx2NAc,0.16364908215517288,0.034648025623641096,0.05193362665965669,0.03622137223787985,0.07872170783383656,0.058735245661152326,-0.008868327628816517,0.04091538641835889,0.06093805354440044,0.033375668700613204,0.06300364826053581,0.04725563775650859,0.06024805892531958,0.04082666630213014,0.0654155817630499,0.04718710029996352,0.07893799516745441,0.06469709619213153,0.05226199474150015,0.03320840846533507,0.05970360846447964,-0.0015258400524880305,0.03692447682827355,0.04478102726666995
a-D-Neux5Ac-(2-6)-[a-D-Galx2NAc-(1-3)-[a-L-Fucx-(1-2)]b-D-Galx-(1-3)]?-D-Galx2NAc,0.11924605017952487,0.033198513080681745,0.04502781716088272,0.036317587570755296,0.07822493643395959,0.05716170028160818,0.011136778440265413,0.04065543031258659,0.04983073482523297,0.03297295716023017,0.06808505133151445,0.04455068223908043,0.0910153383404151,0.039613443195527134,0.06509421700548032,0.040490263224732335,0.03724613164442195,0.0407352087135643,0.05607343811572575,0.0364302623422228,0.045414605662824466,0.07861275437445438,0.03338582758124328,0.05076625313322971
b-D-Glcx2NAc-(1-6)-[?-D-Galx-(1-?)-[?-L-Fucx-(1-?)]b-D-Glcx2NAc-(1-3)-b-D-Galx-(1-3)]?-D-Galx2NAc,0.011110321723875974,0.1246929677060835,0.10689568241464156,0.14386042559742326,0.13947850594345576,0.1559634235332174,0.15765630401761338,0.14490507340563813,0.07832181691123273,0.14700718840099575,0.1611904426498618,0.1529279359632593,-0.08680794005997625,0.11102059403504334,0.1210802426375334,0.1875976199613397,0.14753091227643345,0.17298894507617746,0.08829511025290011,0.1628362403908113,0.19909648024524315,-0.06848711928555551,0.1729409859550754,0.18557012521380967
b-D-Galx-(1-4)-b-D-Glcx2NAc-(1-6)-[?-D-Galx-(1-?)-b-D-Glcx2NAc-(1-3)-b-D-Galx-(1-3)]?-D-Galx2NAc,0.33579348901264044,0.18733025326904648,0.16190406419278516,0.2015589104279659,0.15382691987656885,0.14832828043462445,0.2893029907489741,0.1872608723445059,0.13413236944690735,0.27899931501046465,0.18016844096516466,0.18141105269473887,0.4399286083151379,0.15433564927941382,0.12477807978130058,0.1886916225660595,0.2274534445233045,0.2055695160596437,0.3431690889005953,0.2413092115974509,0.3641702552931072,0.004646925817278768,0.3052804700834195,0.20423970324817486
?-D-Galx-(1-?)-?-D-Glcx2NAc-(1-?)-b-D-Galx-(1-4)-b-D-Glcx2NAc-(1-6)-[b-D-Galx-(1-3)]?-D-Galx2NAc,0.7433067552723477,0.19197552733661968,0.25648294986877873,0.19442935426189528,0.2548793300872081,0.3042960923414103,0.1553950448527587,0.1832869531865932,0.2749498551514967,0.2028522614722449,0.28390956108752075,0.34330880278149856,0.6824048488362611,0.20367623688950093,0.26487811705961245,0.13100909319959253,0.4098212168178184,0.3760635245519576,0.2935686444475373,0.2013333812343637,0.3434266376207829,0.16866768244741712,0.23745835875220198,0.3539864488717491
b-D-Glcx2NAc-(1-6)-[b-D-Glcx2NAc-(1-6)-[?-D-Galx-(1-?)-b-D-Glcx2NAc-(1-3)]b-D-Galx-(1-3)]?-D-Galx2NAc,0.2382735008170158,0.13570998239363805,0.12172431922292942,0.14886362290694655,0.13403057959147174,0.15327209671473807,0.2321571395328409,0.13130809060109527,0.09815113336748643,0.16649842695553485,0.21011853253104174,0.11095117782325677,0.1441514083550015,0.11709653496645694,0.1510999958579654,0.16027391635189153,0.1598249361801186,0.1718177819302509,0.16602330207245028,0.1444013505033048,0.2299932906254037,0.03969136170651167,0.23275229797997105,0.14393819208681033
?-D-Galx-(1-?)-[?-L-Fucx-(1-?)]b-D-Glcx2NAc-(1-6)-[a-D-Neux5Ac-(2-3)-b-D-Galx-(1-3)]?-D-Galx2NAc,0.2728914707923687,0.07062686921476348,0.12597446251039635,0.07330868247163873,0.04043139628365314,0.11147722684882172,-0.055085958155917984,0.07498242100104413,0.10701237737422982,-0.0019238973966978405,0.05962706670078224,0.035007443492700824,0.2487655942814173,0.07017043221500363,0.14232888040803324,0.013983259428168176,0.12693964743945965,0.1222125315837703,0.12473814679283775,0.04384167282628055,0.10202881381625864,0.0699543983125749,0.10824582387979904,0.05687118351712065
?-D-Galx-(1-?)-[?-L-Fucx-(1-?)]b-D-Glcx2NAc-(1-6)-[a-L-Fucx-(1-2)-b-D-Galx-(1-3)]?-D-Galx2NAc,0.7546602689867364,0.1804801375418354,0.19497653533059536,0.1839788888757313,0.3352213406369766,0.3288960607451206,0.1612100048132663,0.1403886556860072,0.17024184162582645,0.1094463590127792,0.32928498118371524,0.33000457312623444,0.5730904083278219,0.214595244848928,0.230316408598864,0.18866171239289992,0.32548358273480765,0.3408319539710786,0.16271691899126536,0.17037988829377804,0.1606895215850968,0.12371125076590232,0.1233857590359794,0.3471214669139601
b-D-Glcx2NAc-(1-3)-?-D-Galx-(1-?)-b-D-Glcx2NAc-(1-6)-[a-L-Fucx-(1-2)-b-D-Galx-(1-3)]?-D-Galx2NAc,0.2673581698846341,0.07583828043931384,0.0813544220882478,0.09237449079885374,0.1407792190588003,0.14243281400066696,0.16257076708671014,0.06370884916153505,0.07711134585081737,0.09078067911602533,0.1544789657224504,0.2284357637931649,0.2727416037761489,0.08763400989033145,0.08202514072205662,0.08547161499219542,0.1860950108911679,0.15671972118583033,0.11783115364580116,0.10131067920348742,0.13723969591654556,0.1487992278620346,0.07324447011083769,0.22627759333346806
?-D-Glcx2NAc-(1-?)-?-D-Galx-(1-?)-?-D-Glcx2NAc-(1-?)-?-D-Galx-(1-?)-b-D-Glcx2NAc-(1-6)-?-D-Galx2NAc,0.02864473748927496,0.006211323102820076,0.03553636916022769,0.0278247341496341,0.056891088666243275,-0.0021904253211662552,0.05619244435335025,0.014127122797298169,0.042625549941808005,0.04316231896501612,0.0517677820358386,0.05127090745743911,0.09331654239560776,0.004495333362951924,0.03879943839723255,0.014088198510270588,0.033377994852402566,0.009643451257584769,0.08275941452941005,0.0217771333220715,0.06929745268346914,0.015721466411456275,0.03987620725345983,0.04331717081978847
a-L-Fucx-(1-2)-?-D-Galx-(1-?)-b-D-Glcx2NAc-(1-6)-[a-L-Fucx-(1-2)-b-D-Galx-(1-3)]?-D-Galx2NAc,-0.1202106206587496,0.20070029799532066,0.10405094138788452,0.21214259704426508,0.28243275578138394,0.2264024615014255,0.18093155453091714,0.18407534465491895,0.1064275430416696,0.21665273006131466,0.22466054502539973,0.3253912293276855,-0.08678982034300624,0.2458758958200191,0.136576451247538,0.3013044384162206,0.182973371991364,0.1854560320081098,-0.05096763092073076,0.2522917967701966,0.0991724168907804,0.4590577097216725,0.02383875754854719,0.3421558927793659
a-L-Fucx-(1-2)-?-D-Galx-(1-?)-b-D-Glcx2NAc-(1-6)-[?-D-Glcx2NAc-(1-?)-b-D-Galx-(1-3)]?-D-Galx2NAc,-0.1053157943634108,0.01992270465372656,-0.0027994923529741297,0.025497063211993482,0.016352058579283468,-0.0008143567522023361,0.016833589921010042,0.0203745924868424,-0.00015673301049787337,0.013483238271881193,-0.016502700977756815,-0.009384314501350851,-0.10210279315437087,0.02382018324795204,0.0012783175912211716,0.04043956801598722,-0.0067377341994925895,-0.013734926280942429,-0.008332907555760709,0.026913754449636274,0.010997479071804348,-0.03829240387587232,-0.011082912351171094,-0.00700992537937679
?-D-Galx-(1-?)-b-D-Glcx2NAc-(1-6)-[a-D-Galx2NAc-(1-3)-[a-L-Fucx-(1-2)]b-D-Galx-(1-3)]?-D-Galx2NAc,0.13594705519091935,0.17695562801120054,0.16039739109075155,0.1825056841058192,0.20989999163768133,0.19407268651214568,0.07817884905915283,0.20756429652042369,0.16203602657207414,0.18300580094576416,0.1677272688069411,0.17275649237974458,0.10528642742600358,0.20962701078914173,0.20717314704651504,0.2442393766922693,0.2024076963670144,0.1658065937313769,0.008753399613687596,0.18352719237028312,0.19427639816067693,0.4333494195409465,0.09124317117808743,0.19924889020932432
a-D-Galx-(1-3)-[a-L-Fucx-(1-2)]?-D-Galx-(1-?)-b-D-Glcx2NAc-(1-6)-[b-D-Galx-(1-3)]?-D-Galx2NAc,-0.19685162009585588,0.14387221270067932,0.21546987515675425,0.14802358903914936,0.3311809332513107,0.2507642039114199,0.07676106730199728,0.1704630201785601,0.2590628272692122,0.15196661901246766,0.2874909799705033,0.2594681551489833,-0.16286182809824507,0.17087649388774778,0.28565756228406075,0.20278083498050506,0.3500576282370484,0.2762177230958759,-0.05718457076041525,0.1528756287965707,0.28072697056296997,0.4337853738416575,0.1713631596624831,0.28844462007516875
a-D-Neux5Ac-(2-3)-b-D-Galx-(1-3)-b-D-Glcx2NAc-(1-6)-[a-D-Neux5Ac-(2-3)-b-D-Galx-(1-3)]?-D-Galx2NAc,0.06109583950421622,0.029105348629347418,0.06614386492624462,0.025067794803779943,-0.01862644363838684,0.031571213272447766,-0.0552929748400244,0.01963307834906566,0.03198130602638425,-0.07940749734913223,0.0031997746070717,-0.06569603954294682,0.07376536778495517,0.024302909343184933,0.04579090723413494,-0.02238041380471089,0.0266131311867216,0.040438274661236236,0.05627898590940508,-0.03871651737087552,-0.03223447439489304,-0.04635647397558874,0.06514370514569295,-0.06135505513618915
a-L-Fucx-(1-4)-[a-D-Neux5Ac-(2-3)-b-D-Galx-(1-3)]b-D-Glcx2NAc-(1-6)-[b-D-Galx-(1-3)]?-D-Galx2NAc,0.13347961286021104,0.02250521087170376,0.06800767934635056,0.035669984368709017,0.04899242340819953,0.0361790055193201,-0.021293951876583127,0.03672625769747077,0.04672845746868415,-0.04082621211424697,0.03719558298858372,0.0061999915672849605,0.12437373728222365,0.0193773944068706,0.044791105766140725,0.003164901881958232,0.0708254096330608,0.06193491896117277,0.05918014619733643,0.005901763649691612,0.01326996389851159,-0.012551579792108362,0.06359286855074749,0.0098330770983625
?-D-Glcx2NAc-(1-?)-?-D-Galx-(1-?)-b-D-Glcx2NAc-(1-6)-[?-D-Glcx2NAc-(1-?)-b-D-Galx-(1-3)]?-D-Galx2NAc,-0.0720476765601176,0.00860715512481814,-0.00422536425182395,0.006960809274565999,-0.03579900297980044,0.0009779803952545377,-0.002279238281340297,-0.0005199122115446083,-0.030009837910865544,0.010288140107144059,-0.0305437604395162,-0.009692432935590271,0.005182239053425984,0.005079303780813302,-0.015781866172288647,-0.014774611636679596,-0.003025373052038691,-0.0009536416889885117,0.013025857325165448,0.006191462966261114,0.0060145753443116325,-0.039587253216789665,0.002733242396616605,-0.011061851179882723
a-L-Fucx-(1-2)-b-D-Galx-(1-4)-b-D-Glcx2NAc-(1-6)-[a-D-Neux5Ac-(2-3)-b-D-Galx-(1-3)]?-D-Galx2NAc,0.1999366061328101,0.01386568449902797,0.04035212086998115,0.013925319138857976,0.05173874129718602,0.022800735240645856,-0.06896532239381148,0.030551234791502437,0.03930630746742122,-0.008970589520305964,0.05634823207421865,0.03866075511719851,0.11237848464806977,0.011077068716273248,0.05186113043267122,0.03550692420508643,0.04847423007012528,0.03553541007628444,0.01922752790017659,-0.00627325142766728,0.014057403050940722,0.014271538799390531,0.038038337366079686,0.034231165287420665
b-D-Galx2NAc-(1-4)-b-D-Glcx2NAc-(1-6)-[a-D-Galx2NAc-(1-3)-[a-L-Fucx-(1-2)]b-D-Galx-(1-3)]?-D-Galx2NAc,-0.05761737429160085,0.03596805317516983,0.005968515541842093,0.03700589725978734,-0.015451246440839903,0.0010344023411346071,0.00033389787759098333,0.042615755044640026,0.011223896991438621,0.037991654753116916,0.02670791203925976,-0.011022855901116685,-0.04077298712594108,0.04271912347193695,0.005384645049054546,0.050695208745126265,-0.011498517943516449,-0.0029596729029723106,-0.002676819553115605,0.03821890719914268,0.013053804131178105,0.10844634346041436,0.02707537922667233,-0.0107467254324506
a-L-Fucx-(1-2)-b-D-Galx-(1-4)-b-D-GlcxS(2NAc)-(1-6)-[a-L-Fucx-(1-2)-b-D-Galx-(1-3)]?-D-Galx2NAc,0.06967860402332457,-0.008271213508162055,0.0021223782702940288,0.01891001349975133,0.047035972045017416,0.04125698064852636,0.04655563791703202,0.011736378939293862,5.181256545384245e-05,0.029462528261042162,0.007862878302193265,0.04109975577559896,0.06309285448961285,-0.004694404478331151,0.011540565516276054,0.012572411768791312,0.04566501760352297,0.038905266298054124,0.023549904361548,0.019258507337647997,0.0051513399098305,0.02758874977632942,0.025901541582984324,0.04188936995041638
a-L-Fucx-(1-2)-b-D-Galx-(1-4)-b-D-Glcx2NAc-(1-6)-[a-L-Fucx-(1-2)]b-D-GalxS-(1-3)-?-D-Galx2NAc,-0.00017214713935174305,-0.004661100010970258,0.0079131311651318,0.033545845865997216,0.07451570998154491,0.04930024248898515,0.04919599959521303,0.023792376041422533,0.011372858117118415,0.031008788609494024,0.03978875162791766,0.04492691106404646,0.02765068809625193,-0.00044342450163870544,0.021495731561875567,0.008805757759028431,0.0585646412040582,0.05759830070856752,0.04695298887046788,0.030899986470506857,0.014246893756070729,0.05420148246151511,0.02453063630568446,0.038507356780035036
b-D-Galx-(1-4)-b-D-Glcx2NAc-(1-6)-[?-D-Galx-(1-?)-[?-L-Fucx-(1-?)]b-D-Glcx2NAc-(1-3)-b-D-Galx-(1-3)]?-D-Galx2NAc,-0.04174704753993544,0.07936243028941696,0.08072363402872641,0.10144796674798101,0.07201612188783063,0.09763566970342112,0.0976522869693014,0.10480790948413632,0.0597191629420988,0.1106225806439357,0.10667065320825556,0.09873801176039412,-0.024711670003714527,0.06033008212324295,0.07804236015991109,0.1241880528629358,0.08960075052355491,0.12037913644672145,0.1009163320642225,0.12015336483080873,0.16287778832063515,-0.06916382446874847,0.1503668885248374,0.1271817229950936
?-D-Galx-(1-?)-[?-L-Fucx-(1-?)]?-D-Glcx2NAc-(1-?)-b-D-Galx-(1-4)-b-D-Glcx2NAc-(1-6)-[b-D-Galx-(1-3)]?-D-Galx2NAc,0.5817207062951204,0.13700231454422188,0.1803105782780509,0.13258472870236607,0.1471271295968948,0.2217633237290642,0.0004356083079956249,0.1352453602096696,0.1851198197958973,0.0690988417484215,0.19424328061707052,0.1793119553195836,0.4696811835799124,0.147701369404222,0.2211346604031485,0.0891977128349622,0.2640572204199115,0.25429294132514074,0.14772367564088332,0.10862959993212323,0.1997723304268735,0.08395699018018361,0.16170256153651064,0.19552939683345505
?-D-Glcx2NAc-(1-?)-b-D-Galx-(1-4)-b-D-Glcx2NAc-(1-6)-[?-D-Galx-(1-?)-b-D-Glcx2NAc-(1-3)-b-D-Galx-(1-3)]?-D-Galx2NAc,-0.03073236311569926,0.06879609530814733,0.02183086907619445,0.0785857234208844,-0.030238475110510917,0.06440878577464819,0.06865762265738534,0.05308516758645674,-0.04385221242892772,0.0937216131104641,-0.008110120544967894,0.032617741783778686,0.09769970193065584,0.05307210304536086,0.013350206173345579,0.0502744385125417,0.02642059949119124,0.06248873549598,0.12404515708843313,0.08277833110262313,0.11970899842231447,-0.08018522635463038,0.09701296876392324,0.05418648521577101
b-D-Glcx2NAc-(1-6)-[?-D-Galx-(1-?)-b-D-Glcx2NAc-(1-6)-[?-D-Galx-(1-?)-b-D-Glcx2NAc-(1-3)]b-D-Galx-(1-3)]?-D-Galx2NAc,0.06443221501450952,0.1061370490730134,0.09079900539105623,0.1165204687018924,0.08749137894633127,0.10960151060356432,0.1889815755151145,0.10255950224798112,0.08602051648060556,0.13264786257050767,0.17216972317493529,0.06828812641288518,0.025485381918334445,0.08587312762081822,0.10927972873957888,0.11810057219682099,0.10868151669468584,0.12945979409349834,0.11543505365091053,0.11346696701631873,0.17405844174073185,0.023337653112681184,0.19834257551974446,0.08896064750048317
?-D-Galx-(1-?)-b-D-Glcx2NAc-(1-6)-[b-D-Glcx2NAc-(1-6)-[?-D-Galx-(1-?)-b-D-Glcx2NAc-(1-3)]b-D-Galx-(1-3)]?-D-Galx2NAc,0.1854161315532044,0.09037944497697148,0.09555227083701424,0.10645116405750428,0.06656819553584657,0.09494434288494184,0.17215312248452894,0.09121092667959348,0.07954847939835248,0.13011381919847478,0.15559874308943547,0.05676125362039159,0.20624767841126326,0.06640602305465654,0.10806211338034306,0.09686434925348762,0.10189477442724004,0.1192079733007949,0.17864452388377267,0.10171847494330223,0.19377459870079566,0.03901465652331868,0.21017820054973305,0.08554978986809429
?-D-Galx-(1-?)-?-D-Glcx2NAc-(1-?)-?-D-Galx-(1-?)-[?-L-Fucx-(1-?)]b-D-Glcx2NAc-(1-6)-[b-D-Galx-(1-3)]?-D-Galx2NAc,0.5466354797986699,0.1216220153259875,0.1593577489431202,0.10946751474314953,0.14847669189989388,0.22483518522697907,0.04797547443035738,0.11340137648888796,0.18186210474298686,0.07876391871761444,0.19342393132415464,0.21063624834994465,0.43628654520416377,0.1357015676209549,0.19664166686900744,0.0773147559051046,0.2430712656071005,0.2486719106601397,0.14232070506416905,0.11804291677527208,0.17263234873027195,0.14144656577541848,0.13568577822865327,0.2298759399689057
?-D-Galx-(1-?)-b-D-Glcx2NAc-(1-6)-[a-L-Fucx-(1-2)-b-D-Galx-(1-4)-b-D-Glcx2NAc-(1-6)-b-D-Galx-(1-3)]?-D-Galx2NAc,0.2583791936955892,0.06330449294936237,0.004149411120831191,0.06680193555645032,0.06944946965513299,0.0037508055800050655,0.09039745662281302,0.06603353859922018,0.03216459297667721,0.10505604338950901,0.09751765913344464,0.10919652442406176,0.19976625565108666,0.06324352634402905,0.011090654855678657,0.10680415883214453,0.055429875143195424,0.006062288477646731,0.13095156295605914,0.09311463455463126,0.09234232969698336,0.11761656626342705,0.0937969106649576,0.10990965914499247
?-D-Galx-(1-?)-[?-L-Fucx-(1-?)]b-D-Glcx2NAc-(1-6)-[b-D-Galx-(1-4)-b-D-Glcx2NAc-(1-6)-b-D-Galx-(1-3)]?-D-Galx2NAc,0.11331927009612915,0.07797514247845068,0.028969924714825606,0.0767058238400872,0.08268677155718789,0.06204031786870485,0.06458458223981778,0.10160064775947672,0.0598843154944829,0.08897037676703932,0.11831044425981127,0.11323774094050718,0.015457930547124847,0.08681764744078274,0.02674254683712806,0.13181920263533967,0.0699257615284916,0.07176481718184725,0.0474034321783309,0.10695370085144082,0.0751548209242655,0.056956019585409634,0.07057720253069114,0.11520261792337184
?-D-Galx-(1-?)-b-D-Glcx2NAc-(1-3)-?-D-Galx-(1-?)-b-D-Glcx2NAc-(1-6)-[a-L-Fucx-(1-2)-b-D-Galx-(1-3)]?-D-Galx2NAc,0.3256859926878453,0.07255799398973835,0.10928254995669053,0.0830045976126756,0.15833760418745166,0.14990057199314902,0.1125888232565522,0.07930024930216703,0.13324248863523758,0.08148412119793763,0.1827508286927497,0.20324789263207726,0.2799315074698533,0.08745031765940213,0.11743596628669452,0.0609706206056759,0.2110322411827046,0.17133094819329442,0.1016163691215533,0.09099157425971888,0.12911265011874756,0.11026824203054933,0.08600759824249944,0.20033199975770652
?-D-Galx-(1-?)-?-D-Glcx2NAc-(1-?)-?-D-Galx-(1-?)-b-D-Glcx2NAc-(1-6)-[a-L-Fucx-(1-2)-a-D-Galx-(1-3)]?-D-Galx2NAc,0.16386768169720686,-0.008711822159557884,0.04258762082473248,0.0048840383203467355,0.1191588997838216,-0.016466431449843392,0.0517130759032066,0.00937972768532527,0.08679900027654955,0.041619857782039575,0.08458703358182132,0.06979044703119777,0.13037136359930054,-0.011592688536579528,0.052225343824583416,0.015294744478404591,0.07457102625519724,-0.0009101373976009113,0.10824146815154392,0.01278804634883314,0.08529187183129436,0.033694278913150744,0.039739116725729835,0.0396971908378451
?-L-Fucx-(1-?)-?-D-Galx-(1-?)-b-D-Glcx2NAc-(1-6)-[?-D-Galx-(1-?)-b-D-Glcx2NAc-(1-6)-b-D-Galx-(1-3)]?-D-Galx2NAc,0.3790516058868856,0.01882459999028864,0.05448856070432792,0.01576340205575161,0.13650615706752525,0.007045847219401119,0.09759064428420773,0.01943576740320898,0.08584694438633518,0.04599649640959864,0.06514114369661649,0.1019385514541568,0.26206546653741264,0.014749204569920947,0.043643476509664506,0.03835396712821272,0.12116894743797195,0.03461146179252874,0.12443863429347644,0.05083496846557968,0.10103363670561287,0.05111076167289329,0.06581630554736821,0.11844978323386805
a-L-Fucx-(1-2)-?-D-Galx-(1-?)-[?-L-Fucx-(1-?)]b-D-Glcx2NAc-(1-6)-[a-L-Fucx-(1-2)-b-D-Galx-(1-3)]?-D-Galx2NAc,0.5299126148330721,0.11274150299703807,0.1098605478967985,0.12039165561423874,0.26346271192474896,0.2202524694004979,0.12834572094459196,0.07238243378577064,0.09037277197872834,0.0806072738062357,0.22248926939917246,0.2279816945216542,0.3877800628754178,0.1377307259858719,0.12985778538261689,0.15531998055331786,0.19238292103837584,0.2194964136581378,0.12726932105214628,0.12082143132864975,0.08355978642292082,0.09546097829446436,0.06105240970875118,0.24717540605791397
a-L-Fucx-(1-2)-?-D-Galx-(1-?)-b-D-Glcx2NAc-(1-6)-[a-D-Galx2NAc-(1-3)-[a-L-Fucx-(1-2)]b-D-Galx-(1-3)]?-D-Galx2NAc,0.11550799801074416,0.1409875748360307,0.15538232974647806,0.14549978684603185,0.18836495145301485,0.1849386003846722,0.05957816883212282,0.1649485414757837,0.17068095311804776,0.14501414619264727,0.1651614118107044,0.15989335858823372,0.07952018989463383,0.16690788731720482,0.20526638281826887,0.19354416794714305,0.18828287106764946,0.15653258367843287,0.002610456979727701,0.14530828517114047,0.17210598566046634,0.32490307608053226,0.08277783109076077,0.184466103430472
a-D-Galx2NAc-(1-3)-[a-L-Fucx-(1-2)]?-D-Galx-(1-?)-b-D-Glcx2NAc-(1-6)-[a-L-Fucx-(1-2)-b-D-Galx-(1-3)]?-D-Galx2NAc,-0.09327095959733964,0.10501952166086086,0.008605328139072875,0.10849388958624452,-0.03672548164057097,0.016124138311504298,0.019987126952596263,0.12233278643114365,0.005146930720771076,0.10702249143953037,-0.040597320009084704,0.0034626025304631807,-0.06401696005508391,0.12418876384526788,0.014190039406460716,0.14284895920201676,-0.05723967308118096,-0.04498689001631757,-0.03949395307754966,0.1070893779719978,-0.0014197766536222186,0.2164567326201179,-0.052002292839076286,0.011331546899653001
?-D-Galx-(1-?)-?-D-Glcx2NAc-(1-?)-[?-L-Fucx-(1-?)]?-D-Galx-(1-?)-b-D-Glcx2NAc-(1-6)-[b-D-Galx-(1-3)]?-D-Galx2NAc,-0.024559658547515347,0.005894804234878585,-0.016296525332793216,0.004426275371243163,0.022031811584543447,0.03075622960973565,0.04210195391901075,-0.012421640280411676,-0.003047226505754109,0.03879707783388299,0.01842817181610926,0.06681953665474193,-0.03834313308026128,0.006155825692306114,-0.013787976387545902,0.02230082232698104,0.0006213522901207608,0.03589449311630906,0.010341990419123695,0.039067366938963635,0.006147218837902635,-0.013213102487216893,0.006919215979271911,0.06833253049580748
a-D-Galx-(1-3)-[a-L-Fucx-(1-2)]?-D-Galx-(1-?)-b-D-Glcx2NAc-(1-6)-[a-L-Fucx-(1-2)-b-D-Galx-(1-3)]?-D-Galx2NAc,-0.14166070072083198,0.10790415952550947,0.16160240636756568,0.11101769177936202,0.24838569993848306,0.1880731529335649,0.043936337489591366,0.12784726513392008,0.19429712045190914,0.11397496425935072,0.2156182349778775,0.1946011163617375,-0.09945187856165684,0.12815737041581082,0.21424317171304555,0.15208562623537875,0.2625432211777863,0.20716329232190686,-0.05820056414060173,0.11465672159742805,0.21054522792222746,0.3253390303812431,0.12852236974686235,0.21633346505637652
a-L-Fucx-(1-4)-[a-D-Neux5Ac-(2-3)-b-D-Galx-(1-3)]b-D-Glcx2NAc-(1-6)-[a-D-Neux5Ac-(2-3)-b-D-Galx-(1-3)]?-D-Galx2NAc,-0.012490231332965358,0.01520009927182677,0.03657062456098011,0.017400172891552008,-0.026119412253197742,0.023753639215509253,-0.03330913857943405,0.016155632737423032,0.00786255680762059,-0.03476008459981679,-0.0152787081305324,-0.016899160944853282,0.02632794875744041,0.014234011940849391,0.029329890207515936,-0.028068416225914054,0.017336604038439826,0.024514322924758983,0.027484676411981195,-0.005969028926362103,-0.0030683457882532627,-0.025554296373012046,0.03053263097286293,-0.014641448915015566
a-D-Neux5Ac-(2-3)-?-D-Galx-(1-?)-[?-L-Fucx-(1-?)]?-D-Glcx2NAc-(1-?)-b-D-Galx-(1-4)-b-D-Glcx2NAc-(1-6)-[b-D-Galx-(1-3)]?-D-Galx2NAc,0.5347491297005732,0.10482529417371493,0.1455499006683875,0.09854670440281367,0.09273066131036704,0.16985513351940024,-0.035995218582392886,0.10284886322473424,0.15523044609971193,0.03775572657710007,0.13873595965926566,0.1278204999302679,0.4438062277467225,0.11036912740209627,0.17982143545781626,0.044778570932482574,0.2009855872523013,0.1996156430383121,0.16533089964745612,0.07723276766802753,0.16321466068531074,0.07768879152817168,0.138817011563586,0.14001101858448695
?-D-Glcx2NAc-(1-?)-b-D-Galx-(1-4)-b-D-Glcx2NAc-(1-6)-[?-D-Galx-(1-?)-[?-L-Fucx-(1-?)]b-D-Glcx2NAc-(1-3)-b-D-Galx-(1-3)]?-D-Galx2NAc,-0.14515282840482446,0.025490559285242857,-0.008739458136357951,0.041294880752196686,-0.03280761120020797,0.011892492370499087,0.019369159034531715,0.027229336685772744,-0.034586182754576165,0.050570691641873916,-0.004974312680939634,0.006266804617235818,-0.04550042128341955,0.012523111045798315,-0.011739811665969187,0.0417170872763644,-0.016673244832930617,0.010400978363175214,0.05774718443568614,0.04921448680033603,0.04619362300613671,-0.061653915184114776,0.05846482599784768,0.01888735372252205
b-D-Glcx2NAc-(1-6)-[?-D-Galx-(1-?)-b-D-Glcx2NAc-(1-6)-[?-D-Galx-(1-?)-[?-L-Fucx-(1-?)]b-D-Glcx2NAc-(1-3)]b-D-Galx-(1-3)]?-D-Galx2NAc,-0.14314991010093833,0.06547876176380142,0.052263295568646534,0.07812314970513705,0.04566819479068949,0.06817275647535863,0.11447765786563227,0.07847350365430104,0.02906814453374196,0.09104168178417923,0.07256775443670455,0.04701368370183216,-0.16266613515496886,0.052339042886582435,0.06762228643169428,0.09321834984053813,0.05012912750761592,0.06332015084249859,0.031424733977109015,0.08757556833425953,0.10864625032985424,0.020088600662607155,0.10483698222621306,0.068361374957815
a-D-Glcx2NAc-(1-4)-?-D-Galx-(1-?)-b-D-Glcx2NAc-(1-6)-[b-D-Glcx2NAc-(1-6)-[?-D-Galx-(1-?)-b-D-Glcx2NAc-(1-3)]b-D-Galx-(1-3)]?-D-Galx2NAc,0.04019772328576969,0.039654778625624734,0.029086278447410262,0.054258046562300204,0.017213956958070008,0.040249535459312216,0.07351917575511005,0.047870277641644136,-0.006412452631981174,0.0701249963433032,0.03322964491989063,0.02939903931915555,0.05746849434211836,0.031692890512595294,0.03827454262653559,0.05652008822994125,0.03154894374486398,0.030830731707653925,0.08685862481478675,0.06073748732087754,0.08449179996518989,0.024843972823346328,0.07087580283640303,0.05685459795146632
?-D-Galx-(1-?)-b-D-Glcx2NAc-(1-6)-[?-D-Galx-(1-?)-b-D-Glcx2NAc-(1-6)-[?-D-Galx-(1-?)-b-D-Glcx2NAc-(1-3)]b-D-Galx-(1-3)]?-D-Galx2NAc,0.011574845750698141,0.06080651165634685,0.06462695700514108,0.07410800985245013,0.02002899489070613,0.05127375677376804,0.1289775584668026,0.062462338326479336,0.0674178625114716,0.09626325481344762,0.11764993373332905,0.014098202210020009,0.08758165197459616,0.035182615709017824,0.06624184626195656,0.0546910050984171,0.05075135494180728,0.07684998546404233,0.12805627546223292,0.07078409145631619,0.13783974981612387,0.02266094792948821,0.1757684780895064,0.030572245281767142
?-D-Galx-(1-?)-[?-L-Fucx-(1-?)]?-D-Glcx2NAc-(1-?)-?-D-Galx-(1-?)-[?-L-Fucx-(1-?)]b-D-Glcx2NAc-(1-6)-[b-D-Galx-(1-3)]?-D-Galx2NAc,0.5101293562789987,0.12316540448773405,0.1745198253832131,0.1194957428415793,0.13830943724907865,0.19636717897793515,0.01108746429219044,0.12683301016385765,0.17901889021370734,0.06167527240966245,0.1817014866158574,0.15392948304213433,0.4077479909763809,0.1328009391372104,0.2134576134167644,0.07539340749366431,0.2427037050974516,0.21903374897195216,0.13270106831997566,0.09936915871777097,0.1822268947666879,0.12375896715702488,0.14004654223416432,0.1714586932881822
?-D-Galx-(1-?)-[?-L-Fucx-(1-?)]b-D-Glcx2NAc-(1-6)-[a-L-Fucx-(1-2)-b-D-Galx-(1-4)-b-D-Glcx2NAc-(1-6)-b-D-Galx-(1-3)]?-D-Galx2NAc,-0.010634867719952128,0.023807254396644908,-0.05106636041215076,0.01826981147715701,-0.04235058979184449,-0.03302439183411444,-0.015165641600182463,0.01705951290191985,-0.03621504028103135,0.022720529208554042,-0.011067684001414451,-0.014537352062609662,-0.003772525073158357,0.031214436329709605,-0.06047584836725279,0.037718756162636286,-0.052078073352825695,-0.048748975404883405,0.00758764998382045,0.02588375490061938,-0.03232851793003162,0.050488279661430525,-0.0009754847863786851,-0.02981291481941925
?-D-Galx-(1-?)-b-D-Glcx2NAc-(1-6)-[b-D-Glcx2NAc-(1-6)-[a-L-Fucx-(1-2)-b-D-Galx-(1-4)-b-D-Glcx2NAc-(1-3)]b-D-Galx-(1-3)]?-D-Galx2NAc,0.21670865599536568,0.04490251758388202,0.026512490788662826,0.042634494233000995,0.04586359154130777,0.04480780177591207,0.06983448425363294,0.03150540154695192,0.026642021156365783,0.054576531719042566,0.07879480906286561,0.06928578146943301,0.16301946963588426,0.04007438253778932,0.044885372761694464,0.060196504768137815,0.05070234687385409,0.05395153621939423,0.0907875240711148,0.048245637502837765,0.07735010583406794,-0.004960335749879342,0.08981700128179643,0.08844361051899842
?-D-Galx-(1-?)-[?-L-Fucx-(1-?)]b-D-Glcx2NAc-(1-6)-[?-D-Galx-(1-?)-[?-L-Fucx-(1-?)]b-D-Glcx2NAc-(1-6)-b-D-Galx-(1-3)]?-D-Galx2NAc,0.12395413781608125,0.05416788808180576,0.08003628512697637,0.05843601236293019,0.12503736134903234,0.09506470970281927,0.07975022384000025,0.08454113485755688,0.09609935577551426,0.06624984755848527,0.12937812826122574,0.12777509300311685,0.0192304556202832,0.055603211111073116,0.08721839520438084,0.09410044647270337,0.12200383488131727,0.12051379258673064,0.039815782194510464,0.08106994595082145,0.10748333885429713,0.006467739923979113,0.07155268731706982,0.1450155327427911
?-D-Galx-(1-?)-b-D-Glcx2NAc-(1-3)-?-D-Galx-(1-?)-[?-L-Fucx-(1-?)]b-D-Glcx2NAc-(1-6)-[a-L-Fucx-(1-2)-b-D-Galx-(1-3)]?-D-Galx2NAc,0.2612537776733357,0.0661952453830508,0.06995391099370392,0.05355900516306281,0.08192588336304299,0.13711159759366662,0.06975229400684131,0.0545745882252669,0.08271228417637773,0.04592773151449552,0.11851815649283999,0.15872964391239056,0.21384889968018692,0.07976514734680065,0.08364267666849011,0.03526308025102237,0.13346822220608065,0.1509737020011284,0.0450672346833125,0.06823221502262942,0.06753518912576009,0.04593787108983153,0.0579725853217172,0.15836330753676953
?-L-Fucx-(1-?)-?-D-Galx-(1-?)-b-D-Glcx2NAc-(1-6)-[?-L-Fucx-(1-?)-?-D-Galx-(1-?)-b-D-Glcx2NAc-(1-3)-b-D-Galx-(1-3)]?-D-Galx2NAc,0.0908007847723559,-0.0071209551676201235,-0.003289686318955745,-0.008671591904885971,0.03341781206972351,-0.035413547786880495,0.02931623365248833,-0.010423813683918952,0.02937124804164693,0.016370604033118078,0.02538545353139544,0.04399282570551012,0.07255134674796378,-0.0117750991938047,-0.005925251985677131,-0.005847185376662862,0.025970775438906614,-0.025271159486041687,0.05172757047793385,0.010426117883926122,0.03329421870876823,0.034225665996106776,0.0262999609291996,0.046526117218124725
a-D-Galx2NAc-(1-3)-[a-L-Fucx-(1-2)]?-D-Galx-(1-?)-b-D-Glcx2NAc-(1-6)-[a-D-Galx2NAc-(1-3)-[a-L-Fucx-(1-2)]b-D-Galx-(1-3)]?-D-Galx2NAc,0.09316165982632267,0.06905146848569102,0.04764739216810096,0.07148799232645718,0.022774484827359512,0.05955649842896224,0.02762105981241104,0.07971703138650363,0.04114953948344167,0.06903083668641344,0.021415921825452714,0.03015928101374208,0.06072823142502513,0.08146964037333095,0.062437601676238574,0.09215375045689053,0.013254056949125249,0.01842372213049492,0.00831646373226636,0.0688704707728551,0.031742500378981416,0.10801038915970353,-0.002903748740480777,0.040243793392887535
a-L-Fucx-(1-2)-?-D-Galx-(1-?)-[?-L-Fucx-(1-?)]b-D-Glcx2NAc-(1-6)-[a-D-Galx2NAc-(1-3)-[a-L-Fucx-(1-2)]b-D-Galx-(1-3)]?-D-Galx2NAc,0.2039260477749299,0.06905146848569102,0.10271987623410367,0.07148799232645718,0.11714697561431987,0.11760214252935815,0.016227950539964238,0.07971703138650363,0.11494617645934944,0.06903083668641344,0.1069538318235265,0.1049354086461276,0.17471031102494175,0.08146964037333095,0.13314498978060071,0.09215375045689053,0.1184595013954172,0.10847760530282786,0.03524263742485025,0.0688704707728551,0.11703507402770218,0.10801038915970353,0.055534515967619213,0.1218678519817588
a-D-Galx-(1-3)-[a-L-Fucx-(1-2)]?-D-Galx-(1-?)-b-D-Glcx2NAc-(1-6)-[a-D-Galx2NAc-(1-3)-[a-L-Fucx-(1-2)]b-D-Galx-(1-3)]?-D-Galx2NAc,0.0223463381844215,0.07193610635033966,0.10773493757837713,0.07401179451957468,0.16559046662565535,0.12538210195570995,0.03195710901971178,0.08523151008928005,0.1295314136346061,0.07598330950623383,0.14374548998525166,0.12973407757449165,0.018791958469608704,0.08543824694387389,0.14282878114203038,0.10139041749025253,0.1750288141185242,0.13810886154793794,-0.00570600675253866,0.07643781439828536,0.14036348528148498,0.21689268692082875,0.08568157983124157,0.14422231003758434
a-D-Glcx2NAc-(1-4)-?-D-Galx-(1-?)-b-D-Glcx2NAc-(1-3)-b-D-Galx-(1-4)-b-D-Glcx2NAc-(1-6)-[a-D-Glcx2NAc-(1-4)-b-D-Galx-(1-3)]?-D-Galx2NAc,-0.003462070246962833,0.016113687822476082,0.007466031174181534,0.02218503540724252,-0.008053492344338749,0.009234391809038038,0.032578159072031015,0.0062645159915620825,-0.009122249805217137,0.023843562523056173,-0.0024458295120990572,0.029683156949043686,0.052365982043360466,0.013400989033146621,0.0084697467217224,0.006696837075231178,0.00799006536451063,0.010213150311470012,0.026944379354309773,0.01609398182155898,0.02589706303443397,-0.0008816687723331689,0.01875998190405034,0.030892418810050577
?-D-Galx-(1-?)-b-D-Glcx2NAc-(1-6)-[?-D-Galx-(1-?)-b-D-Glcx2NAc-(1-6)-[?-D-Galx-(1-?)-[?-L-Fucx-(1-?)]b-D-Glcx2NAc-(1-3)]b-D-Galx-(1-3)]?-D-Galx2NAc,-0.1960072793647497,0.020148224347134886,0.02609124718273137,0.03571069085569479,-0.021794189264935628,0.009845002645562349,0.05447364081732036,0.03837633973279923,0.010465490564608,0.05465707402711918,0.01804796499509828,-0.007176240501033006,-0.10056986509870712,0.0016485309747820466,0.02458440395407197,0.02980878274213424,-0.007801034245262625,0.01071034221304259,0.04404595578843142,0.04489269277425697,0.07242755840524626,0.019411895479414173,0.08226288479597503,0.00997297273909896
a-D-Neux5Ac-(2-3)-?-D-Galx-(1-?)-[?-L-Fucx-(1-?)]?-D-Glcx2NAc-(1-?)-?-D-Galx-(1-?)-[?-L-Fucx-(1-?)]b-D-Glcx2NAc-(1-6)-[b-D-Galx-(1-3)]?-D-Galx2NAc,0.4631577796844515,0.09098838411722712,0.13975914777354972,0.0854577185420269,0.08391296896255086,0.14445898876827126,-0.025343362598198086,0.09443651317892232,0.149129516517522,0.030332157238341005,0.12619416565805244,0.1024380276528186,0.3818730351431909,0.09546869713508467,0.1721443884714321,0.03097426559118469,0.17963207192984135,0.16435645068512356,0.15030829232654844,0.06797232645367525,0.1456692250251251,0.11749076850501294,0.1171609922612397,0.11594031503921408
b-D-Glcx2NAc-(1-6)-[?-D-Galx-(1-?)-[?-L-Fucx-(1-?)]b-D-Glcx2NAc-(1-6)-[?-D-Galx-(1-?)-[?-L-Fucx-(1-?)]b-D-Glcx2NAc-(1-3)]b-D-Galx-(1-3)]?-D-Galx2NAc,-0.052895624183667334,0.06272828473749617,0.04792911902986842,0.0670990929114464,0.08601431198403042,0.08429438714482383,0.10427373872645183,0.08003238797383397,0.05085597596415088,0.07971788916846521,0.11036491230087653,0.09446976060819334,-0.13857234749993202,0.0620580706676828,0.07296765356593476,0.10214577610055488,0.07926967477020902,0.08523250281569443,0.003341032566405152,0.08698623278524872,0.08733205508986074,0.02370962407075039,0.0678139715811336,0.10699853181688386
?-D-Galx-(1-?)-b-D-Glcx2NAc-(1-6)-[b-D-Galx-(1-4)-b-D-Glcx2NAc-(1-6)-[a-L-Fucx-(1-2)-b-D-Galx-(1-4)-b-D-Glcx2NAc-(1-3)]b-D-Galx-(1-3)]?-D-Galx2NAc,0.04286737019285945,0.015329584263257381,-0.004412823043210333,0.01029134002794686,-0.0006756091038326739,0.0011372156647382922,0.02665892023590656,0.0027568131938377643,0.014511404269484919,0.0207259673340154,0.04084599970675919,0.02662273005906144,0.04435344319921722,0.008850975192150614,0.003065105643307973,0.018023160613067288,-0.00044107261157868487,0.01159354838264165,0.04019927564957506,0.017311254015851676,0.02141525694939617,-0.02131404434370984,0.055407278821569816,0.03346606593267127
?-D-Galx-(1-?)-[?-L-Fucx-(1-?)]b-D-Glcx2NAc-(1-6)-[b-D-Galx-(1-4)-b-D-Glcx2NAc-(1-6)-[b-D-Galx-(1-4)-b-D-Glcx2NAc-(1-3)]b-D-Galx-(1-3)]?-D-Galx2NAc,-0.09095107195750424,-0.001798402658758491,-0.013041852868550443,-0.006657360917035741,0.00034939588458013284,0.0015096005075467508,0.0068767552112469115,0.0006609703607423678,0.008870311205697827,0.009309475080703771,0.02679487806070084,0.027602222344748847,-0.0709223841923589,-0.0025293993007733857,-0.008996784924136495,0.014115066970905503,-0.002537917804718603,0.008019981590088758,-0.004187302196953546,0.012885504562190956,0.0063612731529569,-0.03305878334047272,0.02352516296636484,0.029831663719724143
?-D-Galx-(1-?)-[?-L-Fucx-(1-?)]b-D-Glcx2NAc-(1-3)-?-D-Galx-(1-?)-[?-L-Fucx-(1-?)]b-D-Glcx2NAc-(1-6)-[a-L-Fucx-(1-2)-b-D-Galx-(1-3)]?-D-Galx2NAc,0.22474765415366446,0.06773863454479734,0.08511598743379684,0.06358723326149257,0.07175862871222775,0.10864359134462268,0.03286428386867437,0.06800622190023656,0.07986906964709813,0.02883908520654352,0.10679571178454272,0.10202287860458024,0.185310345452404,0.07686451886305615,0.10045862321624707,0.03334173183958209,0.13310066169643173,0.12133554031294087,0.03544759793911908,0.04955845696512831,0.077129735162176,0.02825027247143795,0.06233334932722824,0.09994606085604599
?-D-Glcx2NAc-(1-?)-?-D-Galx-(1-?)-b-D-Glcx2NAc-(1-6)-[b-D-Glcx2NAc-(1-6)-[?-L-Fucx-(1-?)-?-D-Galx-(1-?)-b-D-Glcx2NAc-(1-3)]b-D-Galx-(1-3)]?-D-Galx2NAc,0.17384128580250624,0.029572933320624637,0.030925313831873164,0.03234315420505414,0.04653920064514045,0.043670586111173776,0.04317556401772638,0.02874858835311416,0.012130616886880859,0.03385056438502716,0.037948809356106436,0.042663051410371584,0.11866602643666704,0.031223407345638717,0.041820267118386496,0.042173344155070534,0.051143419485432766,0.04235798783675256,0.050588248421539764,0.030934383486986083,0.05593484888467177,0.016353708593830486,0.03440972246022661,0.05497754458632717
?-D-Galx-(1-?)-[?-L-Fucx-(1-?)]b-D-Glcx2NAc-(1-6)-[?-D-Galx2NAc-(1-?)-[?-L-Fucx-(1-?)]?-D-Galx-(1-?)-?-D-Glcx2NAc-(1-?)-b-D-Galx-(1-3)]?-D-Galx2NAc,0.0385008443407311,0.03596805317516983,-0.019521032014514043,0.03700589725978734,-0.014955302993296062,-0.011946406674340044,0.003554728173737853,0.042615755044640026,-0.014282781324419843,0.037991654753116916,0.0026377297412293684,-0.0007479169572169442,0.02621923045562028,0.04271912347193695,-0.025912711618692862,0.050695208745126265,-0.02201687452796916,-0.023995724149646482,0.01619716614193251,0.03821890719914268,-0.00402001021846173,0.10844634346041436,0.0009467814571352194,-0.014827495694964048
a-D-Galx2NAc-(1-3)-[a-L-Fucx-(1-2)]?-D-Galx-(1-?)-[?-L-Fucx-(1-?)]b-D-Glcx2NAc-(1-6)-[a-D-Galx2NAc-(1-3)-[a-L-Fucx-(1-2)]b-D-Galx-(1-3)]?-D-Galx2NAc,0.14181645289453118,0.033083415310521204,0.04885240744491511,0.03448209506666984,0.034351742301492204,0.05491109155150317,0.022335199565624544,0.03710127634186361,0.05018046964204642,0.03103918193329652,0.035081086830900665,0.04006836985888175,0.11246908323291988,0.038750516901394,0.06173059920958553,0.04145854171176425,0.030945094336155082,0.039423174528858886,0.02788989920523477,0.030651563573712425,0.046853331386959685,-0.00043595430071086583,0.012693726051998436,0.04975669696296661
?-D-Galx-(1-?)-?-D-Glcx2NAc-(1-?)-[?-L-Fucx-(1-?)]?-D-Galx-(1-?)-[?-L-Fucx-(1-?)]b-D-Glcx2NAc-(1-6)-[?-L-Fucx-(1-?)-b-D-Galx-(1-3)]?-D-Galx2NAc,0.03650612351967122,-0.0015433891617465374,-0.015162076440092903,-0.010028228098429771,0.01016725465081524,0.028468006249043942,0.036888010138166935,-0.013431633674969645,0.002843214529279604,0.017088646307951986,0.011722444708297272,0.0567067653078103,0.028538554227782963,0.0029006284837445185,-0.016815946547756946,0.001921348411440285,0.0003675605096489008,0.029638161688187486,0.00961963674419342,0.01867375805750111,-0.009594546036415906,0.017687598618393585,-0.004360764005511039,0.05841724668072356
a-D-Galx-(1-3)-[a-L-Fucx-(1-2)]?-D-Galx-(1-?)-[?-L-Fucx-(1-?)]b-D-Glcx2NAc-(1-6)-[a-D-Galx2NAc-(1-3)-[a-L-Fucx-(1-2)]b-D-Galx-(1-3)]?-D-Galx2NAc,0.06210959488039872,0.03596805317516983,0.05386746878918856,0.03700589725978734,0.08279523331282768,0.06269105097785498,-0.006107249025660309,0.042615755044640026,0.06476570681730305,0.037991654753116916,0.07187274499262583,0.06486703878724583,0.062241227792021875,0.04271912347193695,0.07141439057101519,0.050695208745126265,0.0875144070592621,0.06905443077396897,0.007352738219615483,0.03821890719914268,0.07018174264074249,0.10844634346041436,0.04284078991562079,0.07211115501879219
a-D-Glcx2NAc-(1-4)-?-D-Galx-(1-?)-b-D-Glcx2NAc-(1-6)-[?-D-Galx-(1-?)-b-D-Glcx2NAc-(1-6)-[?-D-Galx-(1-?)-[?-L-Fucx-(1-?)]b-D-Glcx2NAc-(1-3)]b-D-Galx-(1-3)]?-D-Galx2NAc,-0.13364356251673656,0.010081845305000102,-0.0018390353844628968,0.02191489235724606,-0.029325243687070436,-0.0034210506518615466,0.030343611737383668,0.019121689288529985,-0.01854306951886204,0.03627443195827603,-0.0047191644362158105,-0.013264012091216026,-0.06119753209454867,0.0004694831669565867,-0.003545724491850904,0.014346744074870731,-0.019594475740568787,-0.011527256129098641,0.03627037639324698,0.029803103833891464,0.028556951080518117,0.008490264229515841,0.03646608037617642,0.001877053365139161
a-D-Neux5Ac-(2-3)-?-D-Galx-(1-?)-[?-L-Fucx-(1-?)]?-D-Glcx2NAc-(1-?)-?-D-Galx-(1-?)-[?-L-Fucx-(1-?)]b-D-Glcx2NAc-(1-6)-[a-D-Neux5Ac-(2-3)-b-D-Galx-(1-3)]?-D-Galx2NAc,0.28538170212533404,0.0554267699429367,0.08940383794941625,0.05590850958008672,0.06655080853685089,0.08772358763331246,-0.021776819576483933,0.058826788263621074,0.09914982056660923,0.03283618720311895,0.07490577483131464,0.05190660443755411,0.22243764552397685,0.055936420274154235,0.11299899020051732,0.04205167565408223,0.10960304340101984,0.09769820865901133,0.09725347038085656,0.04981070175264265,0.10509715960451188,0.09550869468558694,0.0777131929069361,0.07151263243213622
?-D-Galx-(1-?)-b-D-Glcx2NAc-(1-6)-[?-D-Galx-(1-?)-[?-L-Fucx-(1-?)]b-D-Glcx2NAc-(1-6)-[?-D-Galx-(1-?)-[?-L-Fucx-(1-?)]b-D-Glcx2NAc-(1-3)]b-D-Galx-(1-3)]?-D-Galx2NAc,-0.10575299344747874,0.017397747320829646,0.021757070643953262,0.024686634062004137,0.0185519279284053,0.02596663331502753,0.04426972167813991,0.03993522405233217,0.03225332199501692,0.04333328141140515,0.05584512285927027,0.040279836405328166,-0.07647607744367031,0.01136755875588242,0.029929771088312462,0.038736209002150974,0.021339513017330468,0.03262269418623842,0.015962254377727546,0.04430335722524618,0.05111336316525275,0.02303291888755741,0.045239874150895545,0.048610129598167816
?-D-Galx-(1-?)-b-D-Glcx2NAc-(1-6)-[a-L-Fucx-(1-2)-b-D-Galx-(1-4)-b-D-Glcx2NAc-(1-6)-[a-L-Fucx-(1-2)-b-D-Galx-(1-4)-b-D-Glcx2NAc-(1-3)]b-D-Galx-(1-3)]?-D-Galx2NAc,-0.04476372122000405,0.004884461621188062,-0.0039651843775721715,0.006124475996494804,0.004447759933565103,0.007440173930051833,0.014350930778860462,0.00509300888538493,0.00494550937256926,0.016843220218246854,0.0315456665047134,0.023288564265397004,-0.017670347989164403,0.0010760947202580911,0.001108351341662154,0.019782791308610617,0.00033255474682519336,0.012971184276582332,0.012438577914653028,0.013535225984576378,0.007133272322005067,-0.041409151786924614,0.03214044581839618,0.02323349303550466
a-D-Neux5Ac-(2-3)-?-D-Galx-(1-?)-[?-L-Fucx-(1-?)]b-D-Glcx2NAc-(1-3)-?-D-Galx-(1-?)-[?-L-Fucx-(1-?)]b-D-Glcx2NAc-(1-6)-[a-L-Fucx-(1-2)-b-D-Galx-(1-3)]?-D-Galx2NAc,0.1777760775591175,0.035561614174290414,0.050355309824133464,0.029549208961940188,0.017362160425699963,0.056735401134958764,-0.0035665430217141493,0.035609724915301205,0.04997969595091277,-0.002504029964777936,0.05128839082673778,0.0505314232152645,0.1594353896192141,0.03953227686093045,0.05914539827091477,-0.011077410062897535,0.07002902852882154,0.06665824202611226,0.053054821945691916,0.0181616247010326,0.04057206542061323,0.021982073819426,0.03944779935430361,0.04442768260707787
a-L-Fucx-(1-2)-?-D-Galx-(1-?)-?-D-Glcx2NAc-(1-?)-?-D-Galx-(1-?)-?-D-Glcx2NAc-(1-?)-?-D-Galx-(1-?)-b-D-Glcx2NAc-(1-6)-[a-L-Fucx-(1-2)-a-D-Galx-(1-3)]?-D-Galx2NAc,0.03210680773623779,-0.009902364719656005,0.02807033798604616,0.0056396987423915895,0.06494458101058204,-0.011424817130204292,0.02361428528131924,0.007862606805736085,0.05174779974702514,0.019318756441959947,0.05421361154793766,0.02158775050839541,0.04095056035224729,-0.008905655670194693,0.03032969167551015,0.007391361435039409,0.02538792948789193,-0.000569699053885244,0.05581503517510028,0.005683151500512516,0.04340038964903515,0.016603135183789444,0.021116225349409483,0.012424752009737895
a-L-Fucx-(1-2)-?-D-Galx-(1-?)-?-D-Glcx2NAc-(1-?)-?-D-Galx-(1-?)-b-D-Glcx2NAc-(1-6)-[a-L-Fucx-(1-2)-[?-D-Galx-(1-?)-?-D-Glcx2NAc-(1-?)]a-D-Galx-(1-3)]?-D-Galx2NAc,0.13176087396096905,0.0011905425600981213,0.01451728283868632,-0.0007556604220448574,0.05421431877323957,-0.005041614319639098,0.02809879062188737,0.001517120879589185,0.035051200529524415,0.02230110134007963,0.030373422033883674,0.04820269652280237,0.08942080324705326,-0.002687032866384833,0.02189565214907325,0.007903383043365185,0.049183096767305305,-0.00034043834371566697,0.05242643297644363,0.0071048948483206234,0.0418914821822592,0.017091143729361304,0.018622891376320352,0.02727243882810721
?-L-Fucx-(1-?)-?-D-Galx-(1-?)-b-D-Glcx2NAc-(1-6)-[?-D-Galx-(1-?)-b-D-Glcx2NAc-(1-6)-[?-L-Fucx-(1-?)-?-D-Galx-(1-?)-b-D-Glcx2NAc-(1-3)]b-D-Galx-(1-3)]?-D-Galx2NAc,0.08763109141286349,0.010445122642069316,-0.00044763866563815694,0.004166864031452055,-0.0051233690373977785,-0.006302958265313539,0.012307989457046092,-0.0023361956915471664,0.00956589489691566,0.003882747115768549,0.009300333202045782,0.0033341657936644354,0.062023791188381625,0.007774880471892524,0.001956754301645816,-0.0017596306955433329,-0.0007736273584038768,-0.0013776358939406813,0.02776069773492204,0.003776028031275296,0.014281984627391097,0.020095107443214785,0.023266833003173646,0.010232572897166612
a-L-Fucx-(1-2)-?-D-Galx-(1-?)-[?-L-Fucx-(1-?)]b-D-Glcx2NAc-(1-6)-[a-L-Fucx-(1-2)-[?-D-Galx-(1-?)-[?-L-Fucx-(1-?)]?-D-Glcx2NAc-(1-?)]b-D-Galx-(1-3)]?-D-Galx2NAc,0.2504331003426548,0.03200437371526611,0.043271737678355175,0.029615819577007808,0.06867864603299056,0.05340023722293687,0.033893203020697045,0.03371758539131919,0.040303699352407685,0.00977145360250167,0.04837035738003718,0.04630209228633607,0.15615572084764032,0.035807169294177536,0.03959927957162792,0.03621158760664369,0.07288199819895347,0.060954346044182414,0.05024762636344255,0.02677616638371936,0.03546985273063125,0.0016917629579824645,0.031346605981259726,0.05782593520956945
a-D-Neux5Ac-(2-3)-?-D-Galx-(1-?)-[?-L-Fucx-(1-?)]?-D-Glcx2NAc-(1-?)-b-D-Galx-(1-4)-b-D-Glcx2NAc-(1-6)-[?-D-Galx-(1-?)-[?-L-Fucx-(1-?)]b-D-Glcx2NAc-(1-3)-b-D-Galx-(1-3)]?-D-Galx2NAc,0.07159135001612171,0.013836910056487831,0.00579075289483777,0.013088985860786785,0.008817692347816148,0.025396144751129054,-0.010651855984194814,0.00841235004581194,0.006100929582189948,0.007423569338759046,0.012541794001213209,0.02538247227744929,0.06193319260353153,0.014900430267011603,0.007677046986384131,0.013804305341297878,0.02135351532245995,0.03525919235318856,0.015022607320907676,0.00926044121435227,0.017545435660185627,-0.039801976976841284,0.021656019302346303,0.02407070354527284
a-D-Glcx2NAc-(1-4)-?-D-Galx-(1-?)-b-D-Glcx2NAc-(1-6)-[a-D-Glcx2NAc-(1-4)-?-D-Galx-(1-?)-b-D-Glcx2NAc-(1-6)-[?-D-Galx-(1-?)-[?-L-Fucx-(1-?)]b-D-Glcx2NAc-(1-3)]b-D-Galx-(1-3)]?-D-Galx2NAc,-0.06970592896607881,0.003046494103936884,-0.005092630499329886,0.009306983160836516,-0.020132488932347176,-0.00680009829956793,0.011671015044410987,0.005403677739660355,-0.019993821351569626,0.017521751172137518,-0.020063995492141426,-0.012152191046402631,-0.025652083314458615,-0.001922787747471882,-0.007909143755739931,0.002702054626115229,-0.013410707737761323,-0.011376717470011387,0.02473033597667796,0.010720403469359522,0.012113368779792156,0.010356625800469574,0.016673635435159602,-0.0019159933888493086
a-D-Glcx2NAc-(1-4)-?-D-Galx-(1-?)-b-D-Glcx2NAc-(1-6)-[?-D-Galx-(1-?)-[?-L-Fucx-(1-?)]b-D-Glcx2NAc-(1-6)-[?-D-Galx-(1-?)-[?-L-Fucx-(1-?)]b-D-Glcx2NAc-(1-3)]b-D-Galx-(1-3)]?-D-Galx2NAc,-0.06393763355065771,0.007035351201063218,0.003253595114866989,0.012607909196409549,-0.009192754754723257,0.003379047647706384,0.018672596692972682,0.013718011548869627,0.0014507518327075886,0.01875268078613851,0.015344831055925616,-0.0011118210448133935,-0.03554544878009005,0.0023922709144284684,0.004363419263889028,0.0116446894487555,-0.00618376800280746,-0.00015053865908725236,0.011540040416569029,0.01908270036453194,0.01644358230072597,-0.0018663615709537315,0.0197924449410168,0.003793046753988469
?-D-Galx-(1-?)-[?-L-Fucx-(1-?)]b-D-Glcx2NAc-(1-6)-[a-L-Fucx-(1-2)-b-D-Galx-(1-4)-b-D-Glcx2NAc-(1-6)-[a-L-Fucx-(1-2)-b-D-Galx-(1-4)-b-D-Glcx2NAc-(1-3)]b-D-Galx-(1-3)]?-D-Galx2NAc,-0.049135712060683234,-0.01216079877852492,-0.03154532839763672,-0.018736085782630328,-0.027395286798548427,-0.0210779851597744,-0.018720369773920317,-0.025556242142720176,-0.0219322589566115,-0.015271125544562876,-0.013705413742643821,-0.01378943510539272,-0.029991755528778637,-0.011504687142227335,-0.03456313674855993,-0.012976452582489969,-0.03006119882485653,-0.02475325125523692,-0.00860951615811206,-0.012335152298523298,-0.028308507711569886,-0.05795806379898385,-0.0019222662435139047,-0.014985419124455203
?-D-Galx-(1-?)-[?-L-Fucx-(1-?)]b-D-Glcx2NAc-(1-6)-[?-D-Galx-(1-?)-[?-L-Fucx-(1-?)]b-D-Glcx2NAc-(1-6)-[?-D-Galx-(1-?)-[?-L-Fucx-(1-?)]b-D-Glcx2NAc-(1-3)]b-D-Galx-(1-3)]?-D-Galx2NAc,-0.04181535989682102,0.010362396119766429,0.01850347552908628,0.012078724865594588,0.02774468268312856,0.02258758566732115,0.025597124985167228,0.026217212503462543,0.03080257016230933,0.024580600625266645,0.040500291803344655,0.04139165745014156,-0.040930628663580264,0.008975287841453952,0.02556635182442344,0.02709151955339547,0.02752328102013793,0.032773232845325684,0.004422213961158513,0.025220656860714254,0.03466978086452679,0.02489928045851114,0.025447429209878743,0.04481708284417935
